respondent_id,age_group,gender,region,membership,satisfaction,q_quality,q_price,q_support,recommend_score,heard_from,free_comment
1,40代,男性,関東,有料会員,3,4,3.0,3.0,3.0,広告,改善に期待
2,40代,男性,関東,有料会員,4,5,3.0,3.0,8.0,友人・知人,
3,20代,回答しない,近畿,無料会員,3,4,2.0,5.0,6.0,SNS,
4,50代,女性,関東,無料会員,2,3,4.0,3.0,3.0,検索,動作が重い
5,40代,女性,関東,無料会員,2,3,4.0,2.0,1.0,友人・知人,動作が重い
6,40代,女性,近畿,無料会員,3,2,3.0,2.0,7.0,SNS,
7,20代,女性,近畿,無料会員,4,5,4.0,3.0,8.0,検索,コスパが良い
8,60代以上,女性,近畿,無料会員,2,2,2.0,5.0,6.0,友人・知人,解約しづらい
9,40代,女性,九州・沖縄,有料会員,4,5,5.0,3.0,9.0,友人・知人,デザインが好き
10,30代,回答しない,関東,無料会員,3,4,3.0,3.0,5.0,検索,特になし
11,40代,男性,北海道・東北,無料会員,4,4,1.0,4.0,10.0,広告,使いやすい
12,40代,男性,九州・沖縄,無料会員,4,4,3.0,3.0,6.0,広告,デザインが好き
13,50代,女性,中部,有料会員,3,4,3.0,4.0,4.0,SNS,改善に期待
14,30代,女性,九州・沖縄,無料会員,3,4,2.0,2.0,8.0,検索,普通
15,20代,女性,近畿,無料会員,2,3,2.0,2.0,4.0,広告,値段が高い
16,40代,女性,関東,有料会員,4,4,4.0,5.0,10.0,友人・知人,サポートが丁寧
17,30代,男性,中部,有料会員,3,4,2.0,2.0,7.0,友人・知人,普通
18,30代,男性,近畿,無料会員,3,4,3.0,3.0,,検索,
19,40代,女性,北海道・東北,無料会員,3,4,3.0,4.0,8.0,SNS,
20,30代,男性,北海道・東北,無料会員,3,3,2.0,3.0,6.0,友人・知人,特になし
21,60代以上,女性,関東,無料会員,2,3,3.0,3.0,4.0,検索,値段が高い
22,40代,女性,九州・沖縄,無料会員,2,2,2.0,3.0,4.0,友人・知人,解約しづらい
23,40代,男性,関東,無料会員,3,4,2.0,3.0,8.0,広告,改善に期待
24,20代,女性,近畿,有料会員,4,5,5.0,4.0,6.0,友人・知人,デザインが好き
25,20代,女性,関東,有料会員,5,4,4.0,3.0,8.0,友人・知人,サポートが丁寧
26,30代,男性,関東,無料会員,3,3,3.0,,6.0,SNS,普通
27,40代,男性,近畿,有料会員,4,4,5.0,4.0,8.0,メディア記事,コスパが良い
28,40代,男性,関東,有料会員,3,5,4.0,2.0,8.0,SNS,特になし
29,40代,女性,関東,無料会員,4,5,3.0,3.0,9.0,検索,使いやすい
30,20代,男性,関東,有料会員,4,3,4.0,5.0,9.0,その他,サポートが丁寧
31,40代,女性,近畿,有料会員,5,5,4.0,4.0,9.0,その他,コスパが良い
32,40代,女性,近畿,無料会員,3,4,2.0,2.0,6.0,検索,改善に期待
33,40代,女性,関東,有料会員,4,5,4.0,4.0,6.0,SNS,使いやすい
34,40代,男性,近畿,無料会員,3,3,3.0,3.0,7.0,広告,特になし
35,20代,女性,関東,無料会員,2,4,3.0,2.0,7.0,メディア記事,値段が高い
36,40代,男性,近畿,無料会員,3,3,4.0,3.0,9.0,SNS,普通
37,40代,男性,中部,無料会員,3,4,3.0,3.0,6.0,友人・知人,普通
38,40代,女性,関東,無料会員,3,3,4.0,3.0,5.0,友人・知人,特になし
39,20代,女性,関東,無料会員,3,3,2.0,3.0,6.0,検索,改善に期待
40,50代,女性,関東,有料会員,4,4,2.0,5.0,7.0,友人・知人,デザインが好き
41,40代,女性,関東,無料会員,3,3,5.0,4.0,3.0,メディア記事,改善に期待
42,20代,女性,中部,無料会員,3,4,4.0,2.0,5.0,メディア記事,普通
43,60代以上,女性,中国・四国,無料会員,3,4,4.0,2.0,6.0,SNS,
44,30代,男性,北海道・東北,有料会員,3,3,3.0,4.0,3.0,友人・知人,特になし
45,30代,回答しない,関東,無料会員,4,3,4.0,4.0,8.0,SNS,使いやすい
46,40代,女性,中国・四国,無料会員,3,2,3.0,2.0,7.0,広告,改善に期待
47,40代,男性,近畿,有料会員,4,5,3.0,4.0,6.0,検索,品揃えが豊富
48,30代,女性,中部,無料会員,2,3,2.0,3.0,3.0,SNS,解約しづらい
49,30代,男性,関東,無料会員,3,2,4.0,2.0,8.0,広告,普通
50,40代,男性,近畿,有料会員,5,4,4.0,5.0,10.0,検索,コスパが良い
51,40代,女性,近畿,無料会員,2,2,2.0,2.0,4.0,広告,在庫切れが多い
52,30代,男性,中部,無料会員,4,4,5.0,4.0,9.0,検索,使いやすい
53,40代,男性,関東,無料会員,3,3,4.0,5.0,5.0,広告,改善に期待
54,20代,女性,関東,無料会員,3,3,4.0,,7.0,友人・知人,
55,20代,女性,近畿,有料会員,4,5,2.0,4.0,7.0,検索,コスパが良い
56,60代以上,男性,関東,無料会員,3,3,3.0,3.0,,検索,特になし
57,10代,男性,九州・沖縄,無料会員,3,3,3.0,2.0,7.0,SNS,普通
58,30代,女性,九州・沖縄,無料会員,3,3,4.0,,6.0,検索,改善に期待
59,30代,男性,関東,無料会員,2,3,3.0,3.0,4.0,検索,在庫切れが多い
60,30代,女性,関東,無料会員,4,2,3.0,5.0,10.0,SNS,デザインが好き
61,60代以上,女性,関東,無料会員,2,4,2.0,4.0,5.0,友人・知人,解約しづらい
62,30代,女性,関東,無料会員,3,3,3.0,5.0,8.0,検索,改善に期待
63,40代,女性,関東,無料会員,4,3,3.0,5.0,9.0,検索,
64,20代,女性,関東,無料会員,5,4,3.0,4.0,10.0,広告,デザインが好き
65,50代,女性,中部,無料会員,2,2,2.0,3.0,5.0,検索,動作が重い
66,20代,男性,中部,無料会員,2,3,2.0,3.0,3.0,広告,動作が重い
67,20代,女性,近畿,無料会員,4,4,3.0,3.0,7.0,広告,品揃えが豊富
68,20代,女性,中部,無料会員,3,3,2.0,3.0,7.0,広告,普通
69,40代,女性,関東,無料会員,4,3,4.0,3.0,5.0,友人・知人,デザインが好き
70,50代,女性,中国・四国,無料会員,4,3,5.0,4.0,6.0,友人・知人,デザインが好き
71,20代,男性,近畿,無料会員,4,3,4.0,4.0,5.0,広告,サポートが丁寧
72,50代,女性,中部,無料会員,2,3,4.0,2.0,5.0,SNS,在庫切れが多い
73,40代,男性,関東,無料会員,3,4,3.0,4.0,6.0,検索,
74,30代,女性,近畿,無料会員,4,4,3.0,4.0,9.0,検索,品揃えが豊富
75,60代以上,女性,中部,無料会員,3,3,2.0,3.0,7.0,友人・知人,改善に期待
76,40代,男性,関東,無料会員,4,4,3.0,,9.0,検索,品揃えが豊富
77,50代,女性,中部,無料会員,3,3,,4.0,7.0,メディア記事,改善に期待
78,20代,男性,北海道・東北,無料会員,2,4,3.0,1.0,4.0,SNS,動作が重い
79,60代以上,女性,中部,無料会員,4,4,4.0,1.0,9.0,検索,コスパが良い
80,50代,男性,関東,有料会員,4,4,5.0,4.0,10.0,SNS,品揃えが豊富
81,40代,回答しない,中部,無料会員,4,3,,4.0,10.0,広告,サポートが丁寧
82,30代,女性,関東,有料会員,4,4,3.0,,10.0,広告,品揃えが豊富
83,30代,男性,近畿,無料会員,3,2,5.0,4.0,8.0,検索,改善に期待
84,30代,男性,関東,無料会員,3,5,2.0,2.0,4.0,広告,改善に期待
85,40代,男性,関東,有料会員,4,5,3.0,3.0,10.0,検索,
86,30代,男性,関東,無料会員,3,3,3.0,4.0,6.0,SNS,
87,60代以上,男性,北海道・東北,無料会員,3,3,3.0,2.0,6.0,メディア記事,普通
88,40代,男性,中国・四国,無料会員,3,3,2.0,4.0,6.0,検索,特になし
89,20代,男性,関東,無料会員,4,4,4.0,4.0,6.0,友人・知人,コスパが良い
90,30代,回答しない,中部,無料会員,3,4,2.0,3.0,8.0,SNS,特になし
91,20代,女性,関東,無料会員,4,3,4.0,2.0,,SNS,
92,30代,男性,関東,無料会員,2,3,3.0,1.0,6.0,友人・知人,解約しづらい
93,30代,男性,関東,無料会員,4,4,3.0,3.0,6.0,SNS,品揃えが豊富
94,30代,女性,近畿,無料会員,4,4,3.0,3.0,8.0,その他,品揃えが豊富
95,30代,男性,近畿,無料会員,3,3,3.0,3.0,6.0,SNS,特になし
96,10代,女性,中部,無料会員,4,2,4.0,4.0,9.0,検索,品揃えが豊富
97,60代以上,女性,関東,無料会員,3,3,4.0,2.0,5.0,メディア記事,特になし
98,30代,女性,北海道・東北,有料会員,5,4,5.0,4.0,10.0,SNS,サポートが丁寧
99,20代,女性,近畿,無料会員,5,3,4.0,4.0,10.0,SNS,デザインが好き
100,30代,女性,関東,無料会員,4,4,,4.0,10.0,友人・知人,サポートが丁寧
101,40代,女性,関東,無料会員,3,3,3.0,,6.0,検索,改善に期待
102,20代,女性,中部,無料会員,4,4,4.0,,9.0,メディア記事,
103,20代,女性,近畿,無料会員,4,3,4.0,3.0,7.0,SNS,コスパが良い
104,50代,回答しない,関東,有料会員,4,4,4.0,4.0,10.0,SNS,デザインが好き
105,50代,女性,関東,無料会員,2,4,3.0,2.0,4.0,SNS,値段が高い
106,50代,女性,九州・沖縄,無料会員,3,4,4.0,1.0,5.0,SNS,普通
107,30代,男性,中部,無料会員,4,5,3.0,4.0,8.0,検索,サポートが丁寧
108,50代,女性,近畿,無料会員,3,3,3.0,3.0,5.0,友人・知人,特になし
109,30代,女性,関東,無料会員,4,4,4.0,4.0,7.0,広告,使いやすい
110,20代,女性,関東,無料会員,3,4,3.0,2.0,7.0,検索,普通
111,40代,男性,中部,無料会員,2,3,2.0,2.0,6.0,広告,解約しづらい
112,20代,女性,関東,無料会員,3,3,3.0,3.0,5.0,検索,改善に期待
113,40代,女性,近畿,無料会員,3,2,3.0,4.0,6.0,広告,改善に期待
114,60代以上,男性,近畿,無料会員,4,3,3.0,4.0,6.0,メディア記事,デザインが好き
115,30代,女性,近畿,無料会員,4,3,2.0,5.0,4.0,メディア記事,品揃えが豊富
116,40代,男性,中部,有料会員,4,4,4.0,3.0,8.0,友人・知人,品揃えが豊富
117,50代,女性,九州・沖縄,無料会員,5,5,3.0,3.0,10.0,検索,品揃えが豊富
118,10代,女性,関東,無料会員,4,5,4.0,3.0,7.0,広告,サポートが丁寧
119,30代,男性,近畿,無料会員,3,4,2.0,4.0,4.0,友人・知人,改善に期待
120,30代,男性,中部,無料会員,2,5,2.0,3.0,5.0,友人・知人,在庫切れが多い
121,30代,女性,近畿,無料会員,3,4,2.0,5.0,6.0,検索,特になし
122,50代,男性,九州・沖縄,有料会員,4,5,4.0,3.0,6.0,メディア記事,サポートが丁寧
123,40代,男性,中部,有料会員,4,5,4.0,2.0,9.0,広告,デザインが好き
124,30代,男性,関東,無料会員,4,3,4.0,5.0,10.0,SNS,デザインが好き
125,30代,男性,中部,無料会員,3,4,3.0,4.0,5.0,検索,
126,60代以上,男性,中国・四国,無料会員,4,4,2.0,4.0,6.0,メディア記事,デザインが好き
127,20代,女性,近畿,無料会員,5,3,4.0,4.0,9.0,その他,サポートが丁寧
128,20代,女性,中部,無料会員,3,3,2.0,3.0,5.0,友人・知人,普通
129,50代,女性,関東,無料会員,4,4,2.0,4.0,9.0,SNS,デザインが好き
130,60代以上,女性,九州・沖縄,無料会員,3,4,3.0,4.0,6.0,検索,普通
131,20代,回答しない,関東,無料会員,4,4,4.0,4.0,7.0,検索,デザインが好き
132,10代,男性,九州・沖縄,無料会員,3,5,3.0,3.0,4.0,SNS,
133,30代,女性,近畿,有料会員,5,5,4.0,5.0,10.0,SNS,品揃えが豊富
134,20代,男性,中部,無料会員,5,4,4.0,4.0,10.0,友人・知人,品揃えが豊富
135,50代,女性,北海道・東北,無料会員,2,3,3.0,3.0,3.0,SNS,解約しづらい
136,20代,男性,近畿,有料会員,3,4,4.0,2.0,7.0,友人・知人,特になし
137,30代,女性,九州・沖縄,無料会員,3,3,,2.0,8.0,友人・知人,普通
138,60代以上,女性,九州・沖縄,有料会員,5,3,5.0,4.0,10.0,SNS,使いやすい
139,30代,女性,関東,無料会員,3,3,3.0,3.0,7.0,友人・知人,普通
140,10代,男性,北海道・東北,無料会員,3,3,3.0,4.0,6.0,検索,改善に期待
141,30代,女性,中部,無料会員,4,4,,4.0,8.0,検索,デザインが好き
142,60代以上,女性,関東,無料会員,2,4,3.0,2.0,4.0,検索,動作が重い
143,50代,女性,九州・沖縄,無料会員,3,4,4.0,3.0,7.0,検索,特になし
144,10代,女性,九州・沖縄,有料会員,4,5,4.0,,8.0,友人・知人,
145,40代,女性,関東,無料会員,4,4,4.0,,7.0,検索,
146,50代,女性,近畿,無料会員,4,3,3.0,3.0,10.0,友人・知人,サポートが丁寧
147,20代,回答しない,関東,有料会員,3,3,3.0,4.0,4.0,SNS,改善に期待
148,30代,女性,中部,無料会員,4,4,4.0,3.0,5.0,検索,品揃えが豊富
149,60代以上,女性,近畿,無料会員,4,4,3.0,4.0,10.0,広告,コスパが良い
150,30代,男性,北海道・東北,無料会員,3,2,2.0,3.0,,メディア記事,改善に期待
151,50代,女性,近畿,有料会員,4,5,4.0,4.0,8.0,検索,品揃えが豊富
152,30代,女性,九州・沖縄,無料会員,4,4,,5.0,8.0,広告,品揃えが豊富
153,40代,女性,中部,無料会員,3,3,3.0,4.0,6.0,広告,普通
154,20代,女性,関東,有料会員,5,5,4.0,5.0,10.0,SNS,コスパが良い
155,40代,回答しない,関東,無料会員,3,3,3.0,4.0,7.0,検索,普通
156,20代,女性,中国・四国,無料会員,4,4,3.0,2.0,6.0,SNS,品揃えが豊富
157,10代,女性,関東,有料会員,4,4,3.0,4.0,7.0,SNS,使いやすい
158,20代,男性,近畿,無料会員,3,3,4.0,2.0,8.0,友人・知人,特になし
159,30代,男性,関東,無料会員,2,3,1.0,2.0,5.0,検索,値段が高い
160,40代,回答しない,中部,無料会員,3,4,3.0,3.0,7.0,広告,普通
161,40代,女性,中部,無料会員,4,4,3.0,5.0,9.0,検索,デザインが好き
162,40代,女性,関東,無料会員,4,3,3.0,3.0,7.0,広告,コスパが良い
163,60代以上,男性,関東,無料会員,4,2,4.0,5.0,10.0,検索,サポートが丁寧
164,30代,男性,関東,無料会員,3,3,2.0,3.0,7.0,メディア記事,特になし
165,50代,男性,関東,無料会員,2,3,2.0,3.0,4.0,友人・知人,
166,60代以上,女性,近畿,無料会員,1,3,,1.0,1.0,広告,値段が高い
167,20代,女性,関東,有料会員,4,4,5.0,3.0,8.0,広告,デザインが好き
168,40代,女性,九州・沖縄,無料会員,4,3,3.0,3.0,9.0,検索,コスパが良い
169,20代,回答しない,九州・沖縄,無料会員,3,3,2.0,4.0,6.0,友人・知人,普通
170,50代,男性,中国・四国,無料会員,3,3,3.0,3.0,6.0,SNS,改善に期待
171,50代,女性,中国・四国,無料会員,2,3,2.0,2.0,4.0,検索,在庫切れが多い
172,20代,男性,近畿,無料会員,4,3,4.0,5.0,10.0,検索,
173,30代,女性,北海道・東北,無料会員,3,2,3.0,3.0,4.0,検索,普通
174,20代,男性,九州・沖縄,無料会員,3,2,4.0,4.0,5.0,その他,特になし
175,50代,女性,関東,無料会員,2,3,1.0,4.0,6.0,SNS,在庫切れが多い
176,50代,回答しない,関東,無料会員,4,4,4.0,5.0,8.0,検索,品揃えが豊富
177,40代,男性,中部,無料会員,4,4,4.0,3.0,9.0,広告,使いやすい
178,30代,男性,関東,有料会員,4,5,5.0,4.0,9.0,広告,
179,20代,女性,関東,無料会員,4,3,4.0,3.0,8.0,SNS,コスパが良い
180,30代,男性,近畿,無料会員,3,4,3.0,4.0,4.0,友人・知人,
181,20代,男性,近畿,有料会員,4,4,4.0,5.0,9.0,友人・知人,使いやすい
182,30代,女性,近畿,無料会員,3,2,4.0,2.0,4.0,友人・知人,普通
183,20代,女性,関東,無料会員,2,4,3.0,3.0,5.0,SNS,値段が高い
184,30代,女性,関東,無料会員,3,3,3.0,4.0,5.0,検索,改善に期待
185,40代,女性,関東,有料会員,4,5,3.0,4.0,9.0,メディア記事,デザインが好き
186,30代,女性,中国・四国,有料会員,4,3,4.0,5.0,8.0,広告,コスパが良い
187,30代,女性,関東,無料会員,3,4,2.0,4.0,5.0,SNS,特になし
188,10代,女性,関東,無料会員,3,3,4.0,2.0,3.0,SNS,改善に期待
189,30代,男性,近畿,無料会員,3,5,2.0,4.0,7.0,SNS,普通
190,20代,女性,近畿,無料会員,3,3,5.0,2.0,8.0,メディア記事,普通
191,40代,女性,近畿,無料会員,5,4,4.0,3.0,10.0,検索,デザインが好き
192,30代,女性,九州・沖縄,有料会員,3,5,3.0,2.0,8.0,検索,改善に期待
193,50代,男性,関東,有料会員,4,4,4.0,4.0,8.0,友人・知人,
194,10代,女性,中部,無料会員,4,4,5.0,1.0,8.0,友人・知人,品揃えが豊富
195,50代,女性,中部,無料会員,3,4,3.0,1.0,5.0,友人・知人,改善に期待
196,30代,男性,関東,無料会員,3,4,4.0,3.0,5.0,検索,普通
197,20代,回答しない,関東,有料会員,3,3,3.0,2.0,8.0,検索,特になし
198,20代,男性,関東,無料会員,4,5,3.0,4.0,10.0,友人・知人,サポートが丁寧
199,40代,男性,中国・四国,有料会員,5,5,3.0,,10.0,広告,品揃えが豊富
200,20代,回答しない,関東,無料会員,3,3,3.0,2.0,5.0,検索,普通
201,50代,女性,関東,無料会員,4,4,3.0,3.0,8.0,SNS,品揃えが豊富
202,30代,女性,中国・四国,有料会員,4,4,5.0,3.0,10.0,検索,デザインが好き
203,20代,女性,関東,有料会員,4,3,4.0,5.0,9.0,友人・知人,コスパが良い
204,30代,女性,関東,無料会員,2,2,2.0,3.0,5.0,検索,動作が重い
205,30代,女性,関東,無料会員,4,4,4.0,1.0,8.0,広告,デザインが好き
206,50代,女性,近畿,無料会員,4,3,4.0,4.0,7.0,検索,デザインが好き
207,20代,女性,関東,無料会員,2,2,3.0,2.0,5.0,友人・知人,値段が高い
208,40代,回答しない,関東,無料会員,4,3,3.0,4.0,8.0,SNS,コスパが良い
209,40代,回答しない,中国・四国,無料会員,4,4,3.0,,9.0,広告,使いやすい
210,40代,女性,関東,有料会員,3,5,3.0,1.0,5.0,友人・知人,特になし
211,40代,女性,関東,無料会員,4,5,2.0,5.0,9.0,メディア記事,
212,30代,女性,関東,無料会員,2,3,3.0,2.0,5.0,検索,動作が重い
213,40代,男性,近畿,無料会員,3,4,3.0,3.0,7.0,検索,普通
214,20代,女性,中部,無料会員,3,4,3.0,2.0,5.0,SNS,特になし
215,20代,女性,関東,無料会員,4,3,4.0,5.0,9.0,友人・知人,コスパが良い
216,20代,女性,中部,有料会員,2,3,3.0,1.0,4.0,SNS,問い合わせ対応が遅い
217,40代,女性,近畿,有料会員,4,4,5.0,3.0,10.0,友人・知人,デザインが好き
218,20代,女性,関東,有料会員,4,5,3.0,5.0,6.0,検索,使いやすい
219,50代,男性,北海道・東北,有料会員,4,4,4.0,3.0,6.0,SNS,コスパが良い
220,10代,女性,近畿,無料会員,3,4,3.0,2.0,4.0,SNS,改善に期待
221,50代,男性,北海道・東北,有料会員,3,5,4.0,2.0,6.0,SNS,改善に期待
222,60代以上,男性,中部,無料会員,3,3,3.0,,9.0,SNS,特になし
223,40代,男性,関東,有料会員,4,4,3.0,,7.0,検索,コスパが良い
224,30代,女性,中部,無料会員,3,4,2.0,3.0,6.0,広告,特になし
225,50代,女性,関東,無料会員,3,4,2.0,2.0,9.0,広告,特になし
226,40代,女性,近畿,無料会員,4,4,3.0,4.0,10.0,検索,使いやすい
227,30代,女性,中国・四国,有料会員,4,4,4.0,3.0,7.0,検索,品揃えが豊富
228,40代,男性,関東,有料会員,3,3,4.0,4.0,9.0,検索,
229,50代,女性,中部,無料会員,4,2,3.0,5.0,9.0,SNS,コスパが良い
230,40代,女性,中部,有料会員,3,3,1.0,3.0,5.0,メディア記事,特になし
231,50代,回答しない,関東,有料会員,4,5,4.0,,9.0,検索,品揃えが豊富
232,30代,男性,北海道・東北,無料会員,2,2,3.0,3.0,1.0,SNS,在庫切れが多い
233,30代,女性,中部,無料会員,3,3,3.0,4.0,4.0,メディア記事,
234,40代,女性,中部,有料会員,4,4,,2.0,7.0,その他,コスパが良い
235,30代,女性,九州・沖縄,無料会員,3,5,3.0,3.0,6.0,広告,改善に期待
236,40代,女性,関東,有料会員,4,4,5.0,4.0,9.0,SNS,使いやすい
237,20代,女性,関東,有料会員,3,4,3.0,2.0,7.0,SNS,
238,20代,男性,近畿,有料会員,3,4,,2.0,9.0,検索,
239,50代,男性,関東,有料会員,4,5,5.0,3.0,8.0,検索,コスパが良い
240,30代,女性,中部,無料会員,2,3,2.0,2.0,4.0,検索,値段が高い
241,60代以上,男性,中部,無料会員,4,3,3.0,5.0,10.0,検索,コスパが良い
242,50代,男性,北海道・東北,無料会員,3,4,2.0,4.0,7.0,SNS,普通
243,20代,男性,近畿,有料会員,4,4,3.0,4.0,7.0,その他,使いやすい
244,30代,男性,関東,有料会員,5,5,4.0,5.0,10.0,広告,使いやすい
245,30代,男性,関東,有料会員,3,5,3.0,4.0,8.0,広告,特になし
246,30代,女性,近畿,無料会員,4,2,5.0,,7.0,友人・知人,サポートが丁寧
247,30代,女性,関東,無料会員,3,2,2.0,4.0,8.0,その他,改善に期待
248,40代,男性,中部,有料会員,4,4,4.0,5.0,7.0,友人・知人,デザインが好き
249,20代,男性,関東,無料会員,2,4,2.0,2.0,2.0,SNS,問い合わせ対応が遅い
250,20代,男性,関東,無料会員,3,3,3.0,,7.0,SNS,改善に期待
251,20代,女性,近畿,無料会員,4,4,4.0,3.0,,広告,サポートが丁寧
252,20代,女性,中部,無料会員,4,2,4.0,4.0,7.0,メディア記事,品揃えが豊富
253,40代,男性,近畿,無料会員,4,4,4.0,4.0,8.0,検索,デザインが好き
254,50代,男性,近畿,無料会員,2,2,3.0,2.0,6.0,友人・知人,動作が重い
255,40代,女性,関東,有料会員,2,3,3.0,4.0,0.0,友人・知人,
256,50代,女性,中部,無料会員,3,2,4.0,1.0,7.0,広告,改善に期待
257,10代,女性,近畿,無料会員,4,4,2.0,5.0,8.0,友人・知人,デザインが好き
258,30代,女性,九州・沖縄,無料会員,3,3,2.0,2.0,5.0,SNS,普通
259,20代,女性,近畿,有料会員,4,4,4.0,4.0,9.0,SNS,使いやすい
260,30代,女性,九州・沖縄,有料会員,4,5,3.0,5.0,10.0,メディア記事,使いやすい
261,20代,男性,関東,有料会員,3,4,3.0,2.0,5.0,メディア記事,普通
262,10代,女性,九州・沖縄,無料会員,3,3,4.0,3.0,3.0,検索,特になし
263,50代,女性,中国・四国,無料会員,3,3,3.0,4.0,6.0,友人・知人,改善に期待
264,30代,男性,中部,有料会員,5,5,4.0,5.0,,友人・知人,デザインが好き
265,20代,女性,近畿,無料会員,2,1,2.0,3.0,2.0,友人・知人,動作が重い
266,40代,女性,北海道・東北,無料会員,5,5,3.0,4.0,10.0,検索,デザインが好き
267,30代,女性,関東,有料会員,4,5,4.0,4.0,7.0,広告,デザインが好き
268,60代以上,女性,九州・沖縄,無料会員,3,4,3.0,1.0,4.0,検索,特になし
269,30代,女性,中国・四国,有料会員,3,5,2.0,3.0,6.0,検索,特になし
270,10代,女性,近畿,有料会員,4,5,4.0,3.0,10.0,広告,使いやすい
271,40代,男性,中部,有料会員,3,4,3.0,5.0,6.0,友人・知人,改善に期待
272,40代,男性,近畿,有料会員,4,4,4.0,3.0,8.0,友人・知人,コスパが良い
273,20代,男性,中部,有料会員,4,5,5.0,3.0,10.0,SNS,使いやすい
274,30代,男性,関東,無料会員,3,3,5.0,5.0,7.0,SNS,特になし
275,20代,女性,近畿,有料会員,4,5,4.0,5.0,10.0,広告,サポートが丁寧
276,20代,女性,関東,有料会員,3,3,5.0,,4.0,検索,特になし
277,20代,男性,関東,無料会員,3,4,3.0,4.0,8.0,検索,改善に期待
278,50代,男性,九州・沖縄,無料会員,3,3,2.0,3.0,9.0,友人・知人,普通
279,30代,回答しない,関東,有料会員,3,4,3.0,4.0,5.0,検索,普通
280,50代,女性,関東,無料会員,3,4,2.0,3.0,4.0,広告,特になし
281,40代,女性,中国・四国,無料会員,2,4,1.0,3.0,4.0,広告,値段が高い
282,50代,女性,中部,無料会員,2,4,2.0,2.0,3.0,広告,解約しづらい
283,10代,女性,近畿,有料会員,3,3,4.0,2.0,5.0,検索,特になし
284,30代,女性,関東,無料会員,3,4,3.0,1.0,5.0,SNS,普通
285,50代,男性,九州・沖縄,無料会員,3,4,2.0,3.0,7.0,友人・知人,普通
286,60代以上,男性,関東,有料会員,3,4,3.0,4.0,7.0,友人・知人,改善に期待
287,20代,男性,関東,無料会員,4,3,4.0,3.0,8.0,友人・知人,品揃えが豊富
288,10代,女性,九州・沖縄,有料会員,5,4,5.0,4.0,7.0,検索,使いやすい
289,50代,女性,中部,無料会員,4,4,3.0,4.0,7.0,検索,品揃えが豊富
290,60代以上,女性,関東,無料会員,4,4,2.0,3.0,6.0,SNS,サポートが丁寧
291,30代,女性,九州・沖縄,無料会員,4,4,3.0,3.0,8.0,友人・知人,
292,30代,男性,関東,無料会員,3,4,5.0,2.0,5.0,SNS,特になし
293,40代,男性,中国・四国,無料会員,2,3,2.0,1.0,,広告,解約しづらい
294,40代,女性,近畿,無料会員,4,3,4.0,3.0,8.0,広告,品揃えが豊富
295,30代,回答しない,関東,有料会員,5,3,4.0,5.0,10.0,友人・知人,
296,40代,女性,関東,無料会員,3,3,3.0,3.0,6.0,SNS,
297,50代,男性,関東,無料会員,2,2,3.0,5.0,4.0,検索,解約しづらい
298,40代,女性,関東,無料会員,4,3,4.0,3.0,9.0,検索,使いやすい
299,20代,女性,関東,無料会員,4,3,5.0,3.0,8.0,メディア記事,デザインが好き
300,30代,女性,九州・沖縄,無料会員,4,3,4.0,3.0,8.0,その他,コスパが良い
301,30代,男性,中部,無料会員,3,4,3.0,3.0,5.0,その他,改善に期待
302,40代,女性,関東,無料会員,5,4,4.0,4.0,8.0,広告,品揃えが豊富
303,30代,女性,北海道・東北,無料会員,3,3,2.0,2.0,6.0,その他,普通
304,50代,女性,中国・四国,有料会員,3,3,3.0,5.0,6.0,広告,普通
305,30代,男性,関東,無料会員,4,3,5.0,3.0,10.0,メディア記事,デザインが好き
306,40代,回答しない,中部,無料会員,4,4,3.0,3.0,8.0,広告,サポートが丁寧
307,40代,女性,関東,無料会員,3,3,4.0,3.0,6.0,友人・知人,改善に期待
308,40代,女性,近畿,無料会員,3,4,3.0,2.0,5.0,SNS,特になし
309,20代,女性,関東,無料会員,2,3,3.0,1.0,6.0,広告,問い合わせ対応が遅い
310,20代,女性,関東,無料会員,3,4,3.0,2.0,7.0,検索,改善に期待
311,30代,男性,関東,有料会員,5,5,5.0,,10.0,SNS,サポートが丁寧
312,20代,女性,関東,無料会員,3,3,4.0,2.0,6.0,SNS,改善に期待
313,20代,女性,近畿,無料会員,3,4,3.0,4.0,7.0,検索,普通
314,30代,女性,関東,無料会員,4,3,4.0,5.0,8.0,検索,
315,40代,女性,九州・沖縄,無料会員,4,4,3.0,,10.0,友人・知人,サポートが丁寧
316,50代,男性,関東,無料会員,4,3,3.0,5.0,10.0,友人・知人,コスパが良い
317,40代,女性,近畿,無料会員,3,4,3.0,4.0,4.0,検索,普通
318,20代,男性,関東,無料会員,3,3,3.0,4.0,6.0,検索,普通
319,60代以上,男性,九州・沖縄,無料会員,3,3,4.0,3.0,6.0,検索,改善に期待
320,30代,男性,関東,無料会員,2,3,3.0,3.0,7.0,SNS,解約しづらい
321,30代,回答しない,関東,無料会員,4,3,4.0,4.0,8.0,SNS,デザインが好き
322,40代,男性,近畿,無料会員,2,3,4.0,2.0,6.0,メディア記事,在庫切れが多い
323,40代,男性,中部,無料会員,3,3,,3.0,5.0,SNS,普通
324,40代,女性,近畿,無料会員,3,3,2.0,4.0,7.0,検索,改善に期待
325,30代,男性,関東,無料会員,5,4,2.0,4.0,10.0,SNS,コスパが良い
326,20代,女性,中部,有料会員,4,5,3.0,3.0,8.0,検索,品揃えが豊富
327,40代,女性,中部,無料会員,3,3,2.0,2.0,7.0,SNS,普通
328,50代,女性,中部,無料会員,4,5,3.0,4.0,8.0,SNS,品揃えが豊富
329,30代,男性,関東,無料会員,2,3,3.0,1.0,3.0,検索,値段が高い
330,30代,男性,関東,無料会員,4,4,4.0,3.0,6.0,SNS,使いやすい
331,20代,女性,関東,無料会員,3,3,3.0,4.0,7.0,その他,改善に期待
332,10代,女性,中国・四国,無料会員,3,3,2.0,4.0,9.0,広告,普通
333,10代,男性,近畿,無料会員,5,4,5.0,3.0,9.0,検索,サポートが丁寧
334,60代以上,女性,中部,有料会員,2,3,2.0,4.0,2.0,SNS,動作が重い
335,10代,女性,中国・四国,無料会員,3,5,2.0,2.0,7.0,友人・知人,改善に期待
336,20代,女性,中部,有料会員,3,3,4.0,3.0,7.0,メディア記事,改善に期待
337,30代,女性,中部,無料会員,3,2,3.0,2.0,7.0,広告,改善に期待
338,40代,女性,関東,有料会員,4,5,,4.0,10.0,検索,デザインが好き
339,40代,男性,中部,有料会員,5,4,5.0,4.0,10.0,広告,品揃えが豊富
340,40代,女性,関東,無料会員,4,4,,4.0,7.0,友人・知人,品揃えが豊富
341,30代,女性,中部,無料会員,4,5,5.0,4.0,9.0,SNS,コスパが良い
342,40代,女性,近畿,無料会員,4,4,4.0,4.0,7.0,広告,使いやすい
343,50代,男性,九州・沖縄,無料会員,3,3,2.0,4.0,6.0,広告,特になし
344,30代,回答しない,関東,無料会員,3,3,4.0,3.0,6.0,友人・知人,特になし
345,50代,女性,近畿,有料会員,3,4,4.0,4.0,5.0,広告,普通
346,30代,回答しない,中部,無料会員,3,3,2.0,2.0,5.0,SNS,普通
347,40代,女性,近畿,有料会員,3,5,3.0,2.0,7.0,広告,普通
348,40代,男性,北海道・東北,無料会員,3,3,1.0,4.0,4.0,広告,普通
349,50代,男性,関東,無料会員,3,4,2.0,3.0,8.0,メディア記事,
350,30代,女性,中国・四国,有料会員,3,4,2.0,3.0,4.0,メディア記事,特になし
351,50代,女性,近畿,無料会員,4,4,5.0,5.0,10.0,検索,使いやすい
352,30代,回答しない,関東,無料会員,2,3,2.0,3.0,2.0,SNS,解約しづらい
353,60代以上,女性,北海道・東北,無料会員,2,3,1.0,3.0,1.0,SNS,在庫切れが多い
354,30代,女性,九州・沖縄,無料会員,2,4,4.0,2.0,7.0,メディア記事,在庫切れが多い
355,20代,男性,北海道・東北,無料会員,3,3,,4.0,7.0,友人・知人,改善に期待
356,30代,男性,近畿,有料会員,4,3,5.0,4.0,8.0,SNS,
357,50代,男性,関東,無料会員,3,3,1.0,2.0,7.0,SNS,特になし
358,20代,男性,近畿,有料会員,5,5,5.0,4.0,9.0,友人・知人,コスパが良い
359,40代,女性,関東,無料会員,4,5,3.0,3.0,8.0,友人・知人,サポートが丁寧
360,40代,回答しない,関東,有料会員,5,5,5.0,3.0,10.0,SNS,サポートが丁寧
361,30代,男性,九州・沖縄,無料会員,2,3,3.0,1.0,4.0,SNS,動作が重い
362,30代,女性,中部,無料会員,2,3,3.0,2.0,,検索,値段が高い
363,40代,女性,九州・沖縄,有料会員,3,3,4.0,3.0,5.0,友人・知人,
364,30代,女性,関東,無料会員,3,2,3.0,4.0,6.0,SNS,改善に期待
365,50代,女性,関東,有料会員,2,3,4.0,2.0,5.0,検索,解約しづらい
366,40代,男性,近畿,無料会員,4,4,2.0,3.0,6.0,広告,品揃えが豊富
367,30代,女性,関東,無料会員,3,4,4.0,3.0,5.0,SNS,普通
368,20代,女性,関東,有料会員,3,4,2.0,4.0,6.0,SNS,普通
369,40代,男性,中国・四国,無料会員,3,4,2.0,4.0,7.0,友人・知人,改善に期待
370,20代,女性,関東,有料会員,5,4,,5.0,9.0,友人・知人,サポートが丁寧
371,50代,男性,北海道・東北,無料会員,3,3,4.0,3.0,7.0,広告,改善に期待
372,30代,男性,中部,有料会員,4,4,4.0,4.0,7.0,検索,
373,40代,女性,関東,無料会員,3,3,3.0,4.0,7.0,SNS,特になし
374,20代,女性,近畿,無料会員,4,4,2.0,5.0,5.0,広告,
375,20代,男性,中国・四国,無料会員,3,3,2.0,4.0,6.0,メディア記事,特になし
376,40代,男性,関東,無料会員,4,4,4.0,,7.0,SNS,サポートが丁寧
377,30代,男性,中部,無料会員,2,3,1.0,4.0,4.0,広告,在庫切れが多い
378,20代,女性,中部,無料会員,3,4,3.0,4.0,5.0,検索,特になし
379,20代,女性,九州・沖縄,無料会員,4,3,4.0,3.0,9.0,SNS,品揃えが豊富
380,20代,男性,九州・沖縄,無料会員,3,3,4.0,2.0,7.0,SNS,特になし
381,30代,男性,近畿,無料会員,2,2,2.0,,,SNS,
382,30代,女性,関東,無料会員,4,4,4.0,4.0,8.0,SNS,使いやすい
383,30代,回答しない,中部,有料会員,4,4,3.0,5.0,6.0,SNS,品揃えが豊富
384,40代,男性,北海道・東北,無料会員,3,4,1.0,,7.0,検索,
385,50代,女性,関東,無料会員,4,4,3.0,4.0,6.0,SNS,使いやすい
386,50代,男性,近畿,有料会員,4,4,3.0,5.0,6.0,友人・知人,
387,40代,女性,中国・四国,有料会員,4,4,5.0,2.0,6.0,検索,品揃えが豊富
388,60代以上,女性,関東,無料会員,4,3,2.0,4.0,8.0,メディア記事,使いやすい
389,40代,男性,北海道・東北,無料会員,4,2,4.0,5.0,10.0,検索,使いやすい
390,50代,女性,近畿,有料会員,4,4,3.0,3.0,7.0,広告,コスパが良い
391,20代,男性,中国・四国,有料会員,4,5,4.0,3.0,,広告,コスパが良い
392,30代,男性,関東,有料会員,5,5,5.0,4.0,8.0,SNS,コスパが良い
393,40代,女性,関東,有料会員,3,4,,3.0,8.0,メディア記事,特になし
394,30代,女性,九州・沖縄,無料会員,3,3,2.0,3.0,5.0,検索,普通
395,30代,男性,中国・四国,無料会員,4,2,3.0,4.0,6.0,検索,
396,40代,男性,関東,有料会員,3,5,3.0,4.0,5.0,その他,特になし
397,30代,男性,関東,無料会員,4,3,3.0,4.0,9.0,SNS,使いやすい
398,20代,女性,関東,有料会員,5,5,5.0,4.0,9.0,検索,デザインが好き
399,40代,男性,近畿,無料会員,4,2,4.0,5.0,10.0,その他,デザインが好き
400,20代,女性,中国・四国,有料会員,3,4,4.0,2.0,5.0,SNS,
401,40代,女性,中国・四国,有料会員,3,4,,1.0,6.0,検索,
402,30代,女性,近畿,有料会員,5,4,4.0,4.0,10.0,SNS,品揃えが豊富
403,30代,女性,関東,無料会員,2,4,1.0,2.0,4.0,検索,
404,20代,女性,関東,無料会員,3,4,4.0,3.0,7.0,メディア記事,特になし
405,20代,女性,中部,有料会員,4,4,5.0,3.0,8.0,検索,使いやすい
406,20代,男性,近畿,有料会員,5,3,4.0,4.0,9.0,友人・知人,使いやすい
407,40代,男性,関東,有料会員,3,4,4.0,5.0,6.0,友人・知人,普通
408,20代,男性,近畿,有料会員,4,4,4.0,5.0,8.0,友人・知人,サポートが丁寧
409,60代以上,女性,関東,無料会員,3,3,1.0,3.0,6.0,SNS,特になし
410,30代,女性,中国・四国,無料会員,2,2,3.0,2.0,5.0,友人・知人,問い合わせ対応が遅い
411,30代,女性,北海道・東北,無料会員,3,4,4.0,3.0,4.0,検索,普通
412,10代,男性,関東,無料会員,3,4,2.0,4.0,7.0,広告,特になし
413,50代,女性,近畿,無料会員,3,4,2.0,3.0,7.0,SNS,普通
414,40代,女性,近畿,無料会員,2,1,3.0,2.0,3.0,友人・知人,
415,30代,女性,北海道・東北,無料会員,2,2,4.0,3.0,5.0,友人・知人,在庫切れが多い
416,40代,女性,中部,無料会員,3,4,1.0,,5.0,広告,
417,40代,女性,近畿,無料会員,2,3,2.0,2.0,3.0,広告,値段が高い
418,30代,女性,中部,無料会員,4,5,5.0,2.0,8.0,SNS,
419,30代,男性,関東,有料会員,4,4,4.0,3.0,6.0,その他,サポートが丁寧
420,20代,女性,関東,無料会員,3,4,4.0,2.0,6.0,その他,改善に期待
421,30代,女性,関東,無料会員,4,4,3.0,4.0,8.0,SNS,使いやすい
422,40代,女性,北海道・東北,有料会員,3,4,4.0,3.0,6.0,検索,普通
423,50代,男性,九州・沖縄,無料会員,4,4,3.0,3.0,4.0,SNS,サポートが丁寧
424,20代,女性,近畿,有料会員,5,5,5.0,5.0,8.0,SNS,デザインが好き
425,20代,男性,関東,無料会員,4,4,2.0,5.0,7.0,SNS,デザインが好き
426,30代,男性,関東,無料会員,3,3,3.0,2.0,6.0,友人・知人,特になし
427,40代,男性,中国・四国,有料会員,4,3,4.0,5.0,6.0,SNS,コスパが良い
428,30代,女性,関東,無料会員,4,3,3.0,4.0,8.0,広告,サポートが丁寧
429,10代,女性,近畿,無料会員,3,3,2.0,5.0,5.0,検索,特になし
430,20代,女性,近畿,無料会員,3,3,4.0,2.0,7.0,検索,
431,20代,女性,中部,有料会員,2,4,5.0,,2.0,SNS,在庫切れが多い
432,40代,女性,中部,無料会員,4,3,3.0,5.0,5.0,検索,品揃えが豊富
433,50代,男性,関東,有料会員,4,3,2.0,5.0,10.0,SNS,デザインが好き
434,40代,女性,中部,無料会員,2,3,2.0,2.0,5.0,友人・知人,在庫切れが多い
435,30代,男性,近畿,無料会員,3,3,2.0,5.0,7.0,検索,特になし
436,30代,女性,関東,無料会員,3,3,2.0,,5.0,SNS,特になし
437,50代,女性,関東,無料会員,4,3,3.0,3.0,10.0,検索,コスパが良い
438,60代以上,女性,北海道・東北,無料会員,2,3,1.0,4.0,6.0,検索,在庫切れが多い
439,30代,男性,中部,無料会員,3,4,2.0,3.0,6.0,検索,改善に期待
440,40代,男性,中国・四国,有料会員,5,4,4.0,4.0,6.0,検索,コスパが良い
441,40代,女性,中部,無料会員,3,4,1.0,3.0,7.0,SNS,特になし
442,20代,男性,九州・沖縄,無料会員,3,4,3.0,5.0,6.0,検索,特になし
443,60代以上,回答しない,北海道・東北,有料会員,4,4,5.0,4.0,7.0,SNS,品揃えが豊富
444,60代以上,女性,中国・四国,無料会員,3,3,3.0,2.0,8.0,SNS,普通
445,30代,男性,北海道・東北,無料会員,2,3,3.0,,3.0,友人・知人,問い合わせ対応が遅い
446,60代以上,女性,関東,有料会員,4,4,5.0,5.0,8.0,SNS,使いやすい
447,30代,男性,中部,無料会員,3,3,3.0,3.0,4.0,検索,特になし
448,10代,女性,北海道・東北,無料会員,3,3,2.0,4.0,5.0,広告,普通
449,50代,男性,北海道・東北,無料会員,3,4,4.0,2.0,6.0,検索,改善に期待
450,30代,女性,近畿,有料会員,3,3,,3.0,3.0,検索,普通
451,60代以上,女性,近畿,有料会員,4,3,3.0,4.0,10.0,広告,サポートが丁寧
452,30代,男性,九州・沖縄,無料会員,2,3,4.0,1.0,,検索,解約しづらい
453,30代,男性,関東,無料会員,2,2,3.0,3.0,8.0,SNS,問い合わせ対応が遅い
454,40代,女性,中国・四国,無料会員,2,4,1.0,3.0,4.0,SNS,値段が高い
455,50代,女性,関東,有料会員,2,3,2.0,3.0,,検索,値段が高い
456,20代,男性,近畿,無料会員,4,5,3.0,4.0,9.0,検索,サポートが丁寧
457,40代,男性,中部,無料会員,3,3,3.0,3.0,5.0,メディア記事,
458,60代以上,男性,中国・四国,有料会員,4,3,,5.0,6.0,SNS,デザインが好き
459,30代,女性,関東,無料会員,3,2,2.0,4.0,6.0,検索,特になし
460,10代,男性,関東,有料会員,4,4,4.0,3.0,9.0,広告,コスパが良い
461,40代,男性,関東,有料会員,4,5,5.0,4.0,8.0,SNS,使いやすい
462,20代,女性,九州・沖縄,無料会員,4,3,4.0,4.0,10.0,友人・知人,デザインが好き
463,30代,女性,中国・四国,有料会員,4,4,5.0,3.0,10.0,検索,サポートが丁寧
464,60代以上,女性,近畿,有料会員,4,4,5.0,,8.0,友人・知人,デザインが好き
465,30代,女性,近畿,有料会員,4,5,2.0,5.0,10.0,広告,
466,30代,男性,中国・四国,無料会員,4,3,2.0,3.0,8.0,友人・知人,サポートが丁寧
467,20代,男性,北海道・東北,無料会員,3,3,3.0,1.0,8.0,検索,改善に期待
468,20代,女性,北海道・東北,有料会員,4,5,3.0,4.0,10.0,検索,デザインが好き
469,20代,女性,関東,無料会員,3,4,3.0,2.0,4.0,広告,改善に期待
470,40代,男性,近畿,無料会員,1,3,2.0,2.0,6.0,メディア記事,解約しづらい
471,40代,男性,中国・四国,有料会員,5,5,3.0,,10.0,友人・知人,サポートが丁寧
472,60代以上,女性,近畿,無料会員,2,2,3.0,4.0,4.0,検索,動作が重い
473,20代,女性,関東,無料会員,4,3,4.0,3.0,5.0,検索,コスパが良い
474,20代,男性,中部,無料会員,3,2,5.0,4.0,7.0,広告,普通
475,60代以上,女性,関東,無料会員,4,4,3.0,,7.0,SNS,
476,60代以上,男性,近畿,無料会員,5,5,2.0,3.0,9.0,SNS,
477,30代,男性,関東,無料会員,3,4,3.0,3.0,5.0,SNS,特になし
478,50代,女性,関東,無料会員,4,4,4.0,3.0,7.0,メディア記事,使いやすい
479,30代,女性,関東,無料会員,4,3,3.0,5.0,7.0,SNS,サポートが丁寧
480,30代,男性,関東,無料会員,4,3,2.0,5.0,9.0,検索,サポートが丁寧
481,30代,男性,中部,有料会員,4,4,4.0,5.0,8.0,友人・知人,使いやすい
482,20代,男性,九州・沖縄,無料会員,3,4,2.0,2.0,5.0,検索,普通
483,60代以上,男性,近畿,無料会員,4,4,2.0,5.0,6.0,検索,サポートが丁寧
484,30代,女性,関東,無料会員,4,4,4.0,3.0,5.0,SNS,デザインが好き
485,40代,男性,中部,有料会員,4,4,5.0,3.0,7.0,検索,デザインが好き
486,50代,女性,北海道・東北,無料会員,3,5,3.0,2.0,7.0,検索,
487,20代,女性,近畿,無料会員,3,3,5.0,,6.0,友人・知人,特になし
488,20代,女性,九州・沖縄,無料会員,4,4,4.0,,8.0,友人・知人,使いやすい
489,60代以上,女性,中部,無料会員,3,3,3.0,3.0,8.0,SNS,改善に期待
490,20代,男性,中国・四国,無料会員,2,3,3.0,2.0,2.0,SNS,値段が高い
491,60代以上,回答しない,関東,無料会員,3,3,4.0,3.0,8.0,検索,普通
492,30代,女性,関東,有料会員,4,4,4.0,3.0,7.0,SNS,品揃えが豊富
493,40代,男性,中部,無料会員,2,2,1.0,1.0,6.0,検索,解約しづらい
494,30代,女性,北海道・東北,無料会員,4,4,4.0,2.0,9.0,友人・知人,コスパが良い
495,30代,回答しない,北海道・東北,無料会員,2,3,3.0,4.0,2.0,その他,在庫切れが多い
496,40代,女性,中国・四国,無料会員,3,3,4.0,3.0,8.0,検索,改善に期待
497,10代,女性,近畿,無料会員,2,2,3.0,2.0,6.0,検索,
498,30代,女性,関東,有料会員,4,4,3.0,4.0,8.0,検索,品揃えが豊富
499,40代,女性,関東,無料会員,2,4,3.0,3.0,5.0,検索,値段が高い
500,30代,女性,関東,無料会員,3,2,2.0,5.0,6.0,広告,普通
501,20代,男性,近畿,有料会員,4,4,4.0,,9.0,友人・知人,使いやすい
502,60代以上,女性,関東,有料会員,4,3,3.0,4.0,10.0,その他,コスパが良い
503,20代,女性,中部,無料会員,3,3,3.0,3.0,6.0,SNS,改善に期待
504,30代,女性,中部,無料会員,4,5,3.0,2.0,9.0,メディア記事,
505,30代,男性,近畿,無料会員,3,3,3.0,4.0,4.0,SNS,普通
506,10代,男性,中部,無料会員,3,3,4.0,,7.0,検索,特になし
507,20代,男性,関東,有料会員,4,4,5.0,3.0,10.0,広告,サポートが丁寧
508,20代,女性,近畿,無料会員,3,4,2.0,3.0,5.0,SNS,改善に期待
509,30代,女性,中部,無料会員,3,3,2.0,,6.0,広告,改善に期待
510,60代以上,女性,中国・四国,無料会員,2,3,3.0,,3.0,検索,動作が重い
511,20代,女性,近畿,有料会員,4,4,3.0,5.0,9.0,広告,サポートが丁寧
512,30代,女性,関東,無料会員,3,4,3.0,3.0,6.0,検索,
513,40代,男性,関東,無料会員,3,5,2.0,3.0,7.0,メディア記事,普通
514,20代,男性,関東,無料会員,3,3,4.0,3.0,5.0,検索,改善に期待
515,30代,男性,関東,無料会員,2,3,,2.0,6.0,検索,動作が重い
516,40代,回答しない,中国・四国,有料会員,4,5,3.0,5.0,7.0,SNS,品揃えが豊富
517,60代以上,女性,近畿,無料会員,2,3,3.0,4.0,5.0,友人・知人,解約しづらい
518,40代,女性,北海道・東北,無料会員,2,1,3.0,4.0,3.0,検索,
519,40代,女性,関東,無料会員,3,3,3.0,3.0,7.0,検索,特になし
520,20代,男性,中国・四国,無料会員,3,2,3.0,3.0,5.0,その他,改善に期待
521,20代,女性,関東,有料会員,3,4,2.0,3.0,4.0,友人・知人,
522,40代,女性,北海道・東北,無料会員,2,3,2.0,2.0,4.0,広告,
523,60代以上,女性,近畿,無料会員,4,5,1.0,3.0,9.0,広告,使いやすい
524,30代,男性,関東,有料会員,3,3,3.0,3.0,7.0,SNS,特になし
525,50代,女性,近畿,無料会員,4,4,4.0,5.0,8.0,検索,使いやすい
526,60代以上,女性,関東,無料会員,2,1,3.0,4.0,4.0,検索,問い合わせ対応が遅い
527,40代,男性,中部,無料会員,2,2,3.0,2.0,5.0,SNS,在庫切れが多い
528,40代,回答しない,関東,有料会員,3,3,4.0,4.0,6.0,広告,改善に期待
529,20代,回答しない,関東,無料会員,3,4,3.0,1.0,4.0,広告,普通
530,20代,女性,中国・四国,無料会員,3,3,1.0,5.0,7.0,友人・知人,普通
531,30代,男性,近畿,無料会員,3,3,3.0,2.0,3.0,広告,特になし
532,20代,男性,近畿,無料会員,4,3,3.0,4.0,9.0,検索,品揃えが豊富
533,30代,男性,中国・四国,無料会員,3,4,2.0,2.0,4.0,メディア記事,特になし
534,20代,女性,中部,無料会員,3,4,2.0,3.0,9.0,検索,
535,20代,女性,近畿,無料会員,4,4,2.0,4.0,7.0,検索,サポートが丁寧
536,40代,男性,中部,無料会員,3,4,3.0,4.0,7.0,広告,普通
537,20代,女性,中部,無料会員,2,3,2.0,3.0,2.0,友人・知人,問い合わせ対応が遅い
538,20代,女性,近畿,無料会員,1,2,1.0,2.0,1.0,SNS,問い合わせ対応が遅い
539,30代,男性,北海道・東北,無料会員,3,3,4.0,2.0,7.0,検索,普通
540,30代,男性,中国・四国,有料会員,3,4,3.0,4.0,6.0,友人・知人,特になし
541,10代,女性,近畿,有料会員,4,4,3.0,4.0,9.0,検索,デザインが好き
542,30代,女性,中国・四国,無料会員,4,4,4.0,2.0,9.0,SNS,品揃えが豊富
543,10代,女性,関東,有料会員,5,5,4.0,5.0,10.0,検索,
544,50代,回答しない,近畿,無料会員,2,3,3.0,2.0,4.0,検索,値段が高い
545,50代,女性,近畿,無料会員,3,3,3.0,3.0,5.0,広告,普通
546,40代,男性,北海道・東北,有料会員,4,4,3.0,4.0,10.0,検索,品揃えが豊富
547,40代,男性,北海道・東北,有料会員,4,3,4.0,4.0,,SNS,品揃えが豊富
548,20代,女性,北海道・東北,無料会員,3,3,3.0,3.0,9.0,SNS,普通
549,30代,女性,近畿,無料会員,2,2,,4.0,2.0,その他,問い合わせ対応が遅い
550,50代,女性,近畿,無料会員,2,3,2.0,3.0,4.0,広告,問い合わせ対応が遅い
551,40代,回答しない,北海道・東北,有料会員,4,5,3.0,4.0,9.0,検索,コスパが良い
552,40代,男性,近畿,有料会員,4,5,4.0,4.0,7.0,検索,使いやすい
553,20代,女性,関東,無料会員,2,2,3.0,4.0,2.0,その他,動作が重い
554,40代,女性,関東,無料会員,3,4,2.0,4.0,9.0,SNS,改善に期待
555,20代,女性,関東,有料会員,5,4,4.0,5.0,10.0,メディア記事,品揃えが豊富
556,50代,男性,関東,無料会員,4,4,3.0,4.0,7.0,友人・知人,品揃えが豊富
557,20代,女性,関東,無料会員,2,2,2.0,3.0,3.0,検索,動作が重い
558,20代,女性,中国・四国,無料会員,3,4,1.0,5.0,6.0,検索,普通
559,20代,女性,関東,有料会員,5,5,5.0,4.0,10.0,広告,デザインが好き
560,40代,女性,中部,無料会員,3,3,2.0,4.0,6.0,SNS,特になし
561,60代以上,女性,近畿,無料会員,2,2,4.0,3.0,5.0,広告,問い合わせ対応が遅い
562,30代,男性,中部,無料会員,2,3,2.0,,5.0,友人・知人,在庫切れが多い
563,20代,女性,関東,無料会員,3,2,4.0,3.0,7.0,検索,改善に期待
564,20代,女性,九州・沖縄,有料会員,4,5,5.0,3.0,10.0,その他,サポートが丁寧
565,50代,男性,北海道・東北,無料会員,4,4,3.0,3.0,8.0,SNS,サポートが丁寧
566,20代,男性,関東,無料会員,4,4,5.0,3.0,6.0,友人・知人,使いやすい
567,30代,男性,関東,無料会員,3,3,4.0,3.0,6.0,その他,改善に期待
568,50代,女性,中国・四国,有料会員,4,4,4.0,5.0,5.0,検索,コスパが良い
569,40代,女性,関東,無料会員,3,2,4.0,3.0,9.0,SNS,普通
570,30代,女性,中部,無料会員,4,4,3.0,3.0,8.0,メディア記事,品揃えが豊富
571,30代,女性,九州・沖縄,無料会員,3,4,3.0,4.0,5.0,友人・知人,特になし
572,20代,男性,関東,無料会員,3,4,1.0,4.0,4.0,検索,普通
573,40代,女性,中国・四国,無料会員,4,4,4.0,4.0,8.0,その他,サポートが丁寧
574,30代,男性,関東,無料会員,3,3,2.0,4.0,6.0,友人・知人,特になし
575,20代,女性,近畿,無料会員,4,3,3.0,,8.0,検索,コスパが良い
576,40代,男性,九州・沖縄,有料会員,4,5,3.0,4.0,8.0,SNS,コスパが良い
577,30代,女性,近畿,有料会員,2,3,3.0,3.0,4.0,SNS,解約しづらい
578,10代,女性,関東,無料会員,3,3,3.0,3.0,5.0,友人・知人,特になし
579,30代,女性,関東,有料会員,3,4,5.0,2.0,7.0,SNS,特になし
580,20代,女性,近畿,無料会員,4,4,2.0,5.0,9.0,検索,コスパが良い
581,30代,男性,中部,有料会員,3,3,2.0,5.0,3.0,友人・知人,特になし
582,20代,女性,中国・四国,無料会員,3,4,3.0,,8.0,SNS,改善に期待
583,30代,女性,中部,無料会員,4,3,5.0,3.0,8.0,SNS,デザインが好き
584,30代,女性,近畿,無料会員,2,3,2.0,2.0,4.0,SNS,値段が高い
585,40代,男性,中部,有料会員,4,4,3.0,4.0,10.0,SNS,使いやすい
586,40代,女性,関東,有料会員,4,4,4.0,5.0,9.0,SNS,サポートが丁寧
587,60代以上,女性,関東,無料会員,3,3,3.0,4.0,5.0,検索,普通
588,40代,女性,中部,有料会員,4,4,3.0,4.0,10.0,広告,デザインが好き
589,40代,男性,関東,無料会員,5,4,5.0,4.0,10.0,広告,サポートが丁寧
590,10代,男性,関東,有料会員,4,5,4.0,2.0,7.0,検索,デザインが好き
591,10代,女性,近畿,無料会員,2,3,2.0,2.0,4.0,検索,動作が重い
592,30代,女性,関東,無料会員,4,4,3.0,5.0,7.0,メディア記事,使いやすい
593,60代以上,女性,北海道・東北,無料会員,3,4,1.0,2.0,6.0,SNS,普通
594,30代,男性,九州・沖縄,有料会員,4,5,3.0,5.0,10.0,メディア記事,サポートが丁寧
595,30代,女性,近畿,無料会員,3,2,4.0,2.0,5.0,SNS,普通
596,20代,男性,北海道・東北,有料会員,4,5,5.0,4.0,9.0,友人・知人,サポートが丁寧
597,20代,女性,中部,有料会員,3,4,5.0,1.0,6.0,友人・知人,特になし
598,40代,女性,関東,有料会員,3,5,2.0,3.0,7.0,検索,特になし
599,10代,女性,九州・沖縄,無料会員,4,3,3.0,5.0,6.0,SNS,デザインが好き
600,20代,女性,近畿,無料会員,3,3,,3.0,6.0,その他,特になし
601,60代以上,女性,近畿,有料会員,2,4,2.0,3.0,3.0,メディア記事,
602,30代,男性,関東,無料会員,3,3,3.0,4.0,7.0,検索,改善に期待
603,50代,男性,中国・四国,無料会員,4,4,4.0,3.0,7.0,メディア記事,サポートが丁寧
604,40代,女性,近畿,無料会員,3,4,3.0,2.0,7.0,検索,改善に期待
605,30代,女性,北海道・東北,無料会員,2,2,3.0,2.0,2.0,検索,問い合わせ対応が遅い
606,40代,女性,関東,無料会員,3,3,3.0,3.0,6.0,検索,特になし
607,40代,男性,近畿,有料会員,5,3,4.0,4.0,10.0,SNS,サポートが丁寧
608,10代,女性,関東,有料会員,3,5,3.0,3.0,4.0,SNS,改善に期待
609,40代,男性,関東,有料会員,3,3,4.0,3.0,6.0,検索,普通
610,50代,男性,近畿,有料会員,4,4,5.0,4.0,9.0,検索,品揃えが豊富
611,30代,女性,関東,有料会員,4,5,5.0,4.0,7.0,SNS,デザインが好き
612,10代,男性,関東,無料会員,3,3,2.0,5.0,7.0,SNS,特になし
613,20代,女性,関東,有料会員,4,5,3.0,4.0,10.0,検索,デザインが好き
614,30代,女性,近畿,無料会員,5,5,4.0,4.0,10.0,検索,デザインが好き
615,20代,男性,中部,無料会員,2,4,1.0,1.0,5.0,広告,
616,40代,女性,近畿,有料会員,5,5,5.0,5.0,9.0,友人・知人,サポートが丁寧
617,40代,女性,近畿,無料会員,3,3,,3.0,3.0,検索,改善に期待
618,20代,女性,北海道・東北,無料会員,3,5,2.0,2.0,7.0,広告,特になし
619,40代,女性,近畿,有料会員,5,5,4.0,4.0,10.0,検索,コスパが良い
620,30代,男性,関東,無料会員,2,3,3.0,3.0,4.0,友人・知人,値段が高い
621,30代,女性,近畿,有料会員,4,4,3.0,4.0,8.0,SNS,サポートが丁寧
622,30代,男性,関東,有料会員,5,3,4.0,5.0,8.0,友人・知人,デザインが好き
623,30代,女性,北海道・東北,無料会員,4,5,4.0,3.0,10.0,検索,コスパが良い
624,10代,女性,関東,無料会員,3,4,4.0,3.0,7.0,検索,普通
625,20代,女性,中国・四国,無料会員,3,3,3.0,3.0,6.0,検索,改善に期待
626,50代,女性,関東,無料会員,3,3,2.0,1.0,6.0,メディア記事,改善に期待
627,30代,男性,関東,無料会員,3,3,3.0,3.0,7.0,SNS,普通
628,30代,男性,中国・四国,無料会員,4,4,3.0,3.0,9.0,SNS,使いやすい
629,20代,女性,関東,有料会員,4,3,4.0,4.0,7.0,検索,サポートが丁寧
630,40代,男性,中部,有料会員,3,2,4.0,4.0,7.0,友人・知人,改善に期待
631,30代,男性,近畿,無料会員,3,3,2.0,3.0,8.0,広告,特になし
632,50代,女性,北海道・東北,無料会員,3,4,2.0,4.0,8.0,広告,普通
633,30代,男性,関東,無料会員,2,3,3.0,4.0,3.0,広告,問い合わせ対応が遅い
634,30代,女性,関東,有料会員,4,4,5.0,3.0,7.0,検索,品揃えが豊富
635,40代,女性,関東,無料会員,3,3,2.0,3.0,8.0,検索,改善に期待
636,60代以上,男性,関東,無料会員,4,4,4.0,4.0,10.0,友人・知人,コスパが良い
637,40代,男性,関東,有料会員,4,5,5.0,5.0,8.0,検索,デザインが好き
638,20代,女性,北海道・東北,無料会員,3,3,3.0,3.0,6.0,検索,普通
639,20代,回答しない,中部,無料会員,2,3,3.0,2.0,6.0,広告,在庫切れが多い
640,40代,男性,九州・沖縄,無料会員,3,3,1.0,4.0,5.0,SNS,改善に期待
641,30代,男性,関東,無料会員,3,3,3.0,1.0,7.0,その他,
642,50代,女性,近畿,無料会員,3,3,4.0,5.0,6.0,友人・知人,普通
643,30代,男性,九州・沖縄,無料会員,3,3,2.0,3.0,4.0,メディア記事,特になし
644,40代,女性,関東,無料会員,3,4,2.0,4.0,6.0,広告,普通
645,20代,男性,中部,有料会員,4,3,5.0,3.0,7.0,友人・知人,コスパが良い
646,50代,女性,関東,有料会員,4,5,4.0,4.0,9.0,広告,品揃えが豊富
647,60代以上,男性,北海道・東北,無料会員,3,4,4.0,4.0,6.0,検索,改善に期待
648,10代,女性,中国・四国,無料会員,3,4,4.0,3.0,5.0,検索,特になし
649,40代,回答しない,近畿,無料会員,2,3,3.0,2.0,5.0,メディア記事,動作が重い
650,50代,男性,関東,無料会員,2,2,,2.0,4.0,検索,問い合わせ対応が遅い
651,50代,男性,近畿,無料会員,3,3,3.0,2.0,5.0,検索,特になし
652,30代,女性,北海道・東北,無料会員,4,4,4.0,4.0,6.0,検索,品揃えが豊富
653,30代,女性,関東,無料会員,3,4,1.0,4.0,3.0,SNS,改善に期待
654,40代,女性,北海道・東北,有料会員,5,5,3.0,5.0,10.0,友人・知人,デザインが好き
655,40代,男性,関東,無料会員,4,4,4.0,3.0,6.0,SNS,デザインが好き
656,20代,女性,関東,無料会員,4,4,1.0,4.0,7.0,検索,使いやすい
657,40代,男性,近畿,無料会員,4,4,4.0,3.0,10.0,SNS,デザインが好き
658,40代,女性,中部,有料会員,4,4,3.0,3.0,10.0,検索,サポートが丁寧
659,50代,男性,北海道・東北,無料会員,3,4,2.0,4.0,6.0,友人・知人,
660,50代,男性,関東,無料会員,3,3,2.0,4.0,3.0,広告,特になし
661,50代,女性,関東,無料会員,4,4,2.0,3.0,8.0,SNS,デザインが好き
662,10代,男性,関東,無料会員,3,5,2.0,4.0,5.0,友人・知人,普通
663,60代以上,女性,中部,無料会員,2,2,3.0,3.0,2.0,検索,解約しづらい
664,50代,男性,九州・沖縄,有料会員,5,5,4.0,5.0,9.0,SNS,サポートが丁寧
665,50代,女性,九州・沖縄,無料会員,3,4,3.0,4.0,6.0,広告,普通
666,40代,女性,関東,有料会員,5,4,3.0,3.0,9.0,検索,デザインが好き
667,50代,女性,近畿,有料会員,4,4,5.0,3.0,8.0,検索,品揃えが豊富
668,40代,回答しない,近畿,無料会員,2,3,3.0,1.0,3.0,SNS,動作が重い
669,30代,女性,北海道・東北,無料会員,3,4,3.0,3.0,3.0,検索,改善に期待
670,30代,男性,中国・四国,無料会員,4,2,5.0,3.0,10.0,SNS,コスパが良い
671,40代,男性,中部,無料会員,4,3,5.0,3.0,8.0,メディア記事,コスパが良い
672,50代,女性,関東,無料会員,2,2,3.0,3.0,3.0,広告,値段が高い
673,30代,女性,関東,無料会員,3,4,3.0,4.0,5.0,SNS,特になし
674,60代以上,回答しない,関東,無料会員,3,4,2.0,3.0,5.0,検索,改善に期待
675,30代,男性,近畿,無料会員,3,4,3.0,2.0,5.0,SNS,
676,50代,男性,近畿,有料会員,4,4,2.0,5.0,7.0,広告,使いやすい
677,50代,回答しない,中国・四国,無料会員,3,3,2.0,3.0,9.0,広告,普通
678,20代,男性,九州・沖縄,無料会員,3,5,2.0,2.0,5.0,SNS,
679,60代以上,女性,中部,無料会員,3,3,1.0,4.0,7.0,検索,普通
680,30代,女性,九州・沖縄,無料会員,3,3,2.0,2.0,9.0,友人・知人,改善に期待
681,40代,男性,関東,無料会員,3,3,2.0,5.0,7.0,広告,普通
682,50代,女性,関東,無料会員,3,3,3.0,5.0,6.0,SNS,特になし
683,20代,女性,北海道・東北,有料会員,4,4,5.0,3.0,7.0,検索,サポートが丁寧
684,30代,男性,関東,有料会員,3,3,4.0,2.0,5.0,検索,普通
685,30代,回答しない,近畿,無料会員,4,5,3.0,2.0,7.0,SNS,使いやすい
686,30代,女性,関東,無料会員,4,4,3.0,2.0,8.0,SNS,コスパが良い
687,20代,男性,中国・四国,無料会員,4,3,4.0,2.0,7.0,検索,サポートが丁寧
688,10代,回答しない,関東,無料会員,3,2,4.0,3.0,6.0,SNS,特になし
689,40代,女性,九州・沖縄,無料会員,5,4,4.0,5.0,,検索,デザインが好き
690,30代,女性,北海道・東北,有料会員,5,4,5.0,4.0,7.0,友人・知人,使いやすい
691,30代,女性,北海道・東北,無料会員,4,5,3.0,3.0,7.0,検索,デザインが好き
692,20代,男性,中部,無料会員,3,3,2.0,2.0,6.0,友人・知人,普通
693,40代,女性,近畿,無料会員,3,3,4.0,2.0,6.0,SNS,普通
694,40代,女性,中国・四国,無料会員,3,2,5.0,4.0,,SNS,普通
695,40代,女性,関東,無料会員,3,5,2.0,2.0,8.0,広告,普通
696,20代,女性,近畿,有料会員,2,3,,2.0,5.0,広告,在庫切れが多い
697,30代,女性,九州・沖縄,無料会員,3,2,3.0,3.0,6.0,SNS,普通
698,30代,回答しない,中部,無料会員,3,3,3.0,2.0,8.0,その他,
699,60代以上,女性,中部,有料会員,4,4,4.0,5.0,8.0,メディア記事,デザインが好き
700,30代,女性,近畿,無料会員,5,4,3.0,5.0,9.0,検索,使いやすい
701,30代,女性,近畿,無料会員,2,2,4.0,1.0,3.0,検索,解約しづらい
702,20代,男性,関東,無料会員,4,4,3.0,4.0,6.0,広告,コスパが良い
703,10代,回答しない,関東,無料会員,3,3,3.0,4.0,6.0,広告,
704,40代,女性,中部,無料会員,3,5,4.0,2.0,8.0,検索,特になし
705,40代,男性,中部,無料会員,3,4,2.0,,4.0,検索,改善に期待
706,60代以上,男性,関東,無料会員,2,3,2.0,3.0,3.0,検索,在庫切れが多い
707,20代,女性,近畿,有料会員,4,3,4.0,5.0,9.0,検索,サポートが丁寧
708,40代,女性,近畿,有料会員,4,4,5.0,5.0,5.0,広告,サポートが丁寧
709,40代,男性,関東,無料会員,3,4,3.0,4.0,8.0,SNS,特になし
710,30代,男性,関東,有料会員,3,5,3.0,2.0,6.0,検索,特になし
711,20代,男性,中部,有料会員,3,3,5.0,5.0,6.0,友人・知人,普通
712,60代以上,女性,中部,無料会員,3,2,4.0,2.0,7.0,SNS,普通
713,40代,女性,中国・四国,無料会員,2,3,2.0,2.0,7.0,検索,動作が重い
714,30代,女性,近畿,無料会員,3,5,3.0,2.0,5.0,SNS,普通
715,50代,男性,関東,有料会員,5,4,4.0,4.0,10.0,友人・知人,品揃えが豊富
716,40代,男性,中部,無料会員,4,4,3.0,4.0,10.0,メディア記事,コスパが良い
717,40代,女性,関東,無料会員,3,3,4.0,1.0,7.0,検索,普通
718,30代,女性,近畿,無料会員,3,3,3.0,5.0,9.0,検索,特になし
719,40代,回答しない,中部,無料会員,4,3,3.0,3.0,7.0,検索,コスパが良い
720,60代以上,女性,関東,無料会員,2,4,2.0,3.0,3.0,メディア記事,解約しづらい
721,40代,男性,北海道・東北,無料会員,4,4,4.0,3.0,10.0,検索,デザインが好き
722,50代,女性,関東,有料会員,3,3,3.0,4.0,5.0,広告,特になし
723,20代,女性,関東,無料会員,3,4,3.0,2.0,8.0,広告,普通
724,10代,女性,中部,有料会員,5,5,5.0,4.0,10.0,SNS,品揃えが豊富
725,10代,男性,中国・四国,無料会員,3,4,2.0,3.0,6.0,SNS,普通
726,40代,男性,近畿,無料会員,3,2,,4.0,6.0,友人・知人,特になし
727,30代,男性,関東,無料会員,4,4,3.0,4.0,8.0,広告,品揃えが豊富
728,30代,男性,九州・沖縄,有料会員,3,4,3.0,3.0,9.0,メディア記事,普通
729,20代,女性,中部,無料会員,4,4,3.0,4.0,10.0,メディア記事,品揃えが豊富
730,50代,女性,近畿,無料会員,3,3,4.0,4.0,3.0,友人・知人,特になし
731,30代,男性,九州・沖縄,無料会員,2,2,3.0,4.0,4.0,広告,在庫切れが多い
732,20代,女性,関東,有料会員,4,5,2.0,4.0,10.0,広告,使いやすい
733,60代以上,男性,近畿,無料会員,5,4,5.0,4.0,10.0,検索,品揃えが豊富
734,60代以上,女性,中国・四国,無料会員,3,4,,3.0,6.0,検索,普通
735,20代,男性,中国・四国,無料会員,3,4,4.0,5.0,6.0,友人・知人,普通
736,20代,男性,近畿,無料会員,3,4,4.0,4.0,4.0,その他,特になし
737,40代,女性,関東,無料会員,3,3,4.0,4.0,3.0,友人・知人,普通
738,30代,回答しない,近畿,無料会員,3,4,4.0,4.0,3.0,SNS,
739,40代,男性,近畿,無料会員,4,5,3.0,1.0,5.0,広告,コスパが良い
740,30代,男性,関東,無料会員,3,4,4.0,3.0,3.0,友人・知人,特になし
741,30代,女性,関東,無料会員,3,2,3.0,2.0,4.0,検索,改善に期待
742,40代,女性,九州・沖縄,無料会員,3,4,2.0,3.0,7.0,広告,
743,50代,女性,中国・四国,無料会員,3,3,5.0,5.0,6.0,検索,普通
744,50代,男性,北海道・東北,無料会員,4,4,2.0,4.0,7.0,検索,デザインが好き
745,40代,男性,関東,無料会員,3,3,2.0,3.0,7.0,検索,普通
746,50代,男性,北海道・東北,無料会員,2,4,2.0,3.0,4.0,SNS,解約しづらい
747,30代,女性,関東,有料会員,4,4,3.0,3.0,9.0,SNS,使いやすい
748,30代,女性,近畿,無料会員,1,3,1.0,2.0,1.0,検索,問い合わせ対応が遅い
749,10代,男性,中部,無料会員,3,3,3.0,4.0,7.0,友人・知人,特になし
750,30代,男性,北海道・東北,無料会員,3,2,3.0,3.0,9.0,検索,特になし
751,50代,女性,北海道・東北,無料会員,3,5,2.0,2.0,4.0,SNS,特になし
752,40代,女性,近畿,有料会員,2,3,3.0,4.0,7.0,広告,問い合わせ対応が遅い
753,50代,男性,関東,有料会員,4,4,4.0,4.0,8.0,広告,品揃えが豊富
754,20代,女性,関東,無料会員,3,3,2.0,4.0,9.0,友人・知人,普通
755,50代,女性,関東,無料会員,3,3,3.0,,4.0,SNS,特になし
756,60代以上,男性,近畿,無料会員,2,3,3.0,4.0,4.0,検索,動作が重い
757,30代,女性,中部,無料会員,3,4,3.0,1.0,8.0,検索,改善に期待
758,20代,女性,関東,無料会員,2,3,3.0,2.0,2.0,メディア記事,在庫切れが多い
759,40代,女性,関東,有料会員,4,4,4.0,3.0,8.0,検索,
760,30代,女性,近畿,無料会員,3,4,2.0,2.0,5.0,SNS,改善に期待
761,40代,男性,関東,無料会員,2,3,3.0,2.0,6.0,広告,値段が高い
762,20代,女性,近畿,無料会員,3,5,2.0,3.0,5.0,SNS,改善に期待
763,10代,女性,中部,無料会員,3,4,2.0,3.0,5.0,検索,改善に期待
764,30代,男性,関東,無料会員,3,3,3.0,4.0,7.0,検索,普通
765,40代,男性,関東,無料会員,3,4,2.0,4.0,6.0,SNS,特になし
766,60代以上,回答しない,中部,無料会員,4,3,4.0,4.0,8.0,友人・知人,デザインが好き
767,30代,男性,中国・四国,無料会員,3,3,3.0,4.0,6.0,友人・知人,普通
768,30代,女性,関東,無料会員,3,3,5.0,3.0,4.0,SNS,特になし
769,40代,女性,北海道・東北,無料会員,2,1,1.0,5.0,7.0,広告,動作が重い
770,50代,女性,中部,無料会員,1,3,,3.0,2.0,検索,問い合わせ対応が遅い
771,30代,女性,近畿,有料会員,5,4,4.0,4.0,9.0,検索,使いやすい
772,30代,女性,中国・四国,有料会員,4,3,4.0,,6.0,広告,サポートが丁寧
773,50代,女性,九州・沖縄,無料会員,4,3,,2.0,9.0,友人・知人,使いやすい
774,20代,女性,近畿,無料会員,3,5,2.0,2.0,,友人・知人,
775,20代,男性,関東,無料会員,5,4,4.0,4.0,10.0,友人・知人,コスパが良い
776,30代,男性,関東,有料会員,3,3,4.0,4.0,7.0,メディア記事,
777,40代,女性,中部,有料会員,3,4,2.0,5.0,,検索,特になし
778,30代,男性,近畿,有料会員,3,4,3.0,3.0,4.0,その他,改善に期待
779,40代,男性,関東,無料会員,4,4,4.0,3.0,10.0,検索,サポートが丁寧
780,60代以上,女性,関東,有料会員,5,5,5.0,3.0,10.0,検索,品揃えが豊富
781,40代,男性,近畿,無料会員,4,5,4.0,4.0,9.0,広告,サポートが丁寧
782,20代,男性,関東,無料会員,4,4,3.0,3.0,10.0,広告,使いやすい
783,30代,女性,中部,無料会員,3,3,3.0,2.0,5.0,検索,特になし
784,50代,女性,関東,無料会員,4,4,3.0,4.0,9.0,検索,使いやすい
785,10代,回答しない,近畿,無料会員,4,4,3.0,3.0,9.0,友人・知人,サポートが丁寧
786,20代,男性,近畿,無料会員,3,3,3.0,2.0,7.0,SNS,改善に期待
787,60代以上,女性,九州・沖縄,有料会員,4,3,3.0,5.0,10.0,友人・知人,
788,40代,男性,関東,有料会員,3,4,4.0,,8.0,友人・知人,改善に期待
789,20代,男性,近畿,無料会員,3,4,3.0,3.0,7.0,メディア記事,普通
790,30代,男性,関東,無料会員,4,4,4.0,3.0,5.0,検索,コスパが良い
791,20代,女性,中国・四国,無料会員,4,4,4.0,4.0,6.0,検索,デザインが好き
792,40代,回答しない,関東,有料会員,4,5,3.0,4.0,6.0,検索,デザインが好き
793,40代,女性,関東,有料会員,4,5,5.0,3.0,10.0,友人・知人,品揃えが豊富
794,20代,男性,北海道・東北,無料会員,2,3,3.0,2.0,3.0,SNS,在庫切れが多い
795,30代,男性,近畿,無料会員,3,3,2.0,3.0,5.0,検索,改善に期待
796,30代,女性,関東,無料会員,3,4,4.0,3.0,8.0,SNS,
797,40代,女性,中部,無料会員,3,3,2.0,4.0,8.0,メディア記事,普通
798,30代,男性,九州・沖縄,無料会員,2,4,3.0,2.0,3.0,メディア記事,解約しづらい
799,30代,男性,北海道・東北,無料会員,2,3,2.0,3.0,4.0,メディア記事,問い合わせ対応が遅い
800,60代以上,男性,関東,無料会員,3,4,2.0,3.0,9.0,SNS,特になし
801,50代,女性,近畿,無料会員,3,3,3.0,2.0,8.0,SNS,改善に期待
802,40代,男性,近畿,有料会員,4,4,5.0,4.0,7.0,友人・知人,
803,30代,男性,九州・沖縄,無料会員,2,5,1.0,2.0,5.0,友人・知人,解約しづらい
804,20代,男性,近畿,無料会員,3,3,3.0,2.0,6.0,検索,特になし
805,20代,女性,中部,無料会員,3,2,3.0,4.0,5.0,友人・知人,普通
806,40代,女性,九州・沖縄,無料会員,4,4,4.0,5.0,10.0,その他,サポートが丁寧
807,20代,男性,中国・四国,無料会員,3,4,2.0,4.0,6.0,広告,改善に期待
808,40代,女性,中部,無料会員,3,4,3.0,4.0,8.0,メディア記事,改善に期待
809,50代,女性,中部,無料会員,4,4,4.0,3.0,7.0,SNS,使いやすい
810,20代,回答しない,関東,無料会員,3,4,2.0,3.0,6.0,SNS,普通
811,50代,女性,北海道・東北,無料会員,3,4,3.0,3.0,5.0,SNS,普通
812,50代,女性,近畿,無料会員,5,4,3.0,4.0,10.0,SNS,サポートが丁寧
813,40代,男性,関東,無料会員,3,4,,2.0,5.0,SNS,特になし
814,20代,女性,九州・沖縄,無料会員,3,3,3.0,3.0,6.0,検索,普通
815,30代,男性,関東,無料会員,3,3,5.0,3.0,6.0,SNS,普通
816,30代,女性,近畿,無料会員,3,3,2.0,3.0,6.0,検索,普通
817,50代,女性,近畿,無料会員,3,4,3.0,3.0,5.0,検索,特になし
818,40代,男性,関東,無料会員,3,4,4.0,3.0,5.0,SNS,改善に期待
819,50代,女性,中部,有料会員,4,4,4.0,4.0,5.0,広告,サポートが丁寧
820,50代,女性,近畿,有料会員,3,4,3.0,4.0,10.0,SNS,
821,20代,女性,中部,無料会員,3,2,1.0,2.0,5.0,メディア記事,改善に期待
822,40代,男性,九州・沖縄,無料会員,2,2,2.0,4.0,6.0,広告,問い合わせ対応が遅い
823,60代以上,女性,関東,無料会員,4,4,3.0,3.0,7.0,広告,デザインが好き
824,20代,女性,関東,有料会員,3,4,4.0,,3.0,SNS,特になし
825,40代,女性,北海道・東北,無料会員,3,3,3.0,,7.0,友人・知人,特になし
826,30代,女性,近畿,有料会員,3,4,3.0,4.0,7.0,検索,特になし
827,60代以上,男性,中部,有料会員,4,5,1.0,5.0,7.0,SNS,品揃えが豊富
828,60代以上,男性,中国・四国,無料会員,4,3,2.0,4.0,7.0,メディア記事,
829,10代,男性,中部,有料会員,4,4,3.0,,8.0,検索,デザインが好き
830,60代以上,女性,関東,無料会員,4,4,4.0,,9.0,メディア記事,使いやすい
831,40代,回答しない,中部,無料会員,2,3,2.0,2.0,5.0,広告,解約しづらい
832,30代,男性,関東,無料会員,4,4,2.0,5.0,7.0,SNS,品揃えが豊富
833,60代以上,男性,関東,無料会員,5,4,4.0,3.0,8.0,検索,コスパが良い
834,10代,女性,北海道・東北,無料会員,3,4,4.0,3.0,6.0,友人・知人,改善に期待
835,40代,女性,中部,有料会員,4,5,3.0,4.0,,その他,使いやすい
836,30代,男性,中部,無料会員,4,4,3.0,,8.0,SNS,
837,40代,回答しない,近畿,有料会員,3,4,3.0,,6.0,SNS,特になし
838,30代,女性,中部,無料会員,4,3,4.0,4.0,6.0,検索,
839,20代,女性,関東,有料会員,3,4,3.0,3.0,6.0,友人・知人,特になし
840,30代,女性,中部,無料会員,4,3,3.0,3.0,7.0,検索,コスパが良い
841,30代,回答しない,近畿,有料会員,4,5,5.0,4.0,9.0,広告,デザインが好き
842,60代以上,男性,中部,無料会員,3,3,3.0,3.0,5.0,その他,普通
843,40代,回答しない,関東,有料会員,3,5,5.0,3.0,6.0,SNS,改善に期待
844,30代,男性,中部,有料会員,4,4,2.0,5.0,7.0,検索,デザインが好き
845,30代,女性,中部,有料会員,2,3,4.0,4.0,2.0,広告,問い合わせ対応が遅い
846,50代,男性,関東,有料会員,3,4,3.0,3.0,7.0,広告,普通
847,30代,男性,近畿,有料会員,4,5,4.0,3.0,9.0,SNS,品揃えが豊富
848,20代,男性,近畿,有料会員,4,5,4.0,4.0,6.0,検索,サポートが丁寧
849,60代以上,回答しない,中国・四国,無料会員,3,3,3.0,3.0,,友人・知人,特になし
850,30代,男性,中部,無料会員,4,3,3.0,,7.0,広告,
851,50代,男性,中部,無料会員,4,4,4.0,2.0,8.0,検索,品揃えが豊富
852,30代,女性,中部,無料会員,2,4,3.0,2.0,4.0,メディア記事,解約しづらい
853,40代,男性,関東,無料会員,2,4,2.0,2.0,6.0,検索,解約しづらい
854,50代,男性,関東,有料会員,4,4,4.0,5.0,7.0,検索,
855,20代,女性,中国・四国,有料会員,4,3,,5.0,8.0,SNS,品揃えが豊富
856,20代,回答しない,九州・沖縄,有料会員,4,4,3.0,3.0,6.0,検索,
857,50代,女性,中国・四国,有料会員,4,4,,3.0,10.0,友人・知人,使いやすい
858,20代,女性,北海道・東北,無料会員,3,3,,3.0,5.0,友人・知人,特になし
859,10代,男性,九州・沖縄,無料会員,4,5,2.0,4.0,8.0,メディア記事,サポートが丁寧
860,40代,男性,中部,有料会員,4,5,3.0,3.0,8.0,友人・知人,
861,60代以上,男性,近畿,有料会員,4,5,3.0,5.0,6.0,広告,デザインが好き
862,30代,男性,関東,無料会員,3,3,3.0,2.0,6.0,SNS,普通
863,30代,女性,北海道・東北,無料会員,3,3,1.0,4.0,6.0,検索,改善に期待
864,40代,男性,近畿,無料会員,3,2,2.0,4.0,5.0,SNS,特になし
865,20代,女性,関東,無料会員,3,5,4.0,2.0,7.0,メディア記事,改善に期待
866,20代,女性,北海道・東北,有料会員,3,3,3.0,3.0,6.0,友人・知人,特になし
867,30代,女性,近畿,有料会員,5,4,5.0,4.0,10.0,広告,コスパが良い
868,40代,男性,関東,無料会員,2,4,3.0,1.0,4.0,検索,動作が重い
869,30代,男性,北海道・東北,無料会員,3,2,,3.0,3.0,メディア記事,普通
870,20代,女性,関東,無料会員,3,2,4.0,2.0,7.0,友人・知人,改善に期待
871,20代,女性,関東,無料会員,4,4,3.0,3.0,,メディア記事,使いやすい
872,50代,男性,関東,無料会員,3,3,3.0,3.0,10.0,検索,
873,30代,男性,関東,無料会員,3,3,4.0,2.0,6.0,SNS,特になし
874,20代,女性,中国・四国,無料会員,4,4,3.0,4.0,5.0,SNS,コスパが良い
875,30代,男性,中国・四国,無料会員,4,3,3.0,3.0,8.0,メディア記事,デザインが好き
876,20代,女性,関東,無料会員,4,4,3.0,3.0,10.0,SNS,コスパが良い
877,50代,女性,関東,無料会員,4,4,4.0,2.0,10.0,SNS,
878,20代,女性,近畿,有料会員,4,3,4.0,4.0,8.0,広告,サポートが丁寧
879,10代,男性,近畿,無料会員,3,4,2.0,3.0,5.0,検索,特になし
880,50代,回答しない,近畿,有料会員,5,5,4.0,4.0,10.0,広告,デザインが好き
881,20代,女性,関東,無料会員,3,3,3.0,3.0,8.0,友人・知人,改善に期待
882,40代,男性,関東,無料会員,3,2,4.0,2.0,3.0,検索,普通
883,20代,女性,関東,有料会員,3,4,4.0,2.0,7.0,検索,
884,50代,男性,近畿,有料会員,4,3,4.0,5.0,10.0,SNS,
885,20代,女性,九州・沖縄,有料会員,4,3,3.0,5.0,7.0,友人・知人,使いやすい
886,40代,女性,中部,有料会員,2,3,4.0,3.0,5.0,SNS,問い合わせ対応が遅い
887,20代,男性,関東,無料会員,2,3,2.0,4.0,3.0,検索,在庫切れが多い
888,50代,男性,中国・四国,無料会員,3,5,2.0,3.0,7.0,広告,普通
889,30代,女性,中部,有料会員,3,4,3.0,4.0,8.0,検索,
890,40代,女性,中部,無料会員,3,4,3.0,3.0,7.0,友人・知人,改善に期待
891,40代,男性,近畿,無料会員,4,4,,5.0,7.0,SNS,サポートが丁寧
892,20代,女性,関東,無料会員,4,5,3.0,3.0,9.0,SNS,サポートが丁寧
893,20代,男性,九州・沖縄,有料会員,5,3,5.0,,9.0,メディア記事,デザインが好き
894,50代,女性,九州・沖縄,有料会員,3,4,4.0,3.0,6.0,広告,
895,40代,女性,近畿,無料会員,3,4,4.0,3.0,6.0,友人・知人,改善に期待
896,60代以上,男性,中部,無料会員,4,5,4.0,4.0,7.0,SNS,サポートが丁寧
897,30代,男性,関東,有料会員,5,4,5.0,5.0,9.0,広告,デザインが好き
898,30代,男性,九州・沖縄,無料会員,4,4,2.0,,7.0,友人・知人,サポートが丁寧
899,20代,男性,中部,無料会員,3,2,3.0,3.0,7.0,その他,普通
900,30代,女性,北海道・東北,無料会員,3,4,3.0,2.0,7.0,SNS,普通
901,40代,女性,中国・四国,無料会員,4,3,4.0,4.0,7.0,検索,使いやすい
902,40代,女性,中国・四国,無料会員,3,2,5.0,4.0,5.0,SNS,特になし
903,50代,男性,関東,無料会員,4,4,3.0,3.0,7.0,SNS,使いやすい
904,20代,男性,九州・沖縄,有料会員,5,5,3.0,4.0,10.0,友人・知人,品揃えが豊富
905,40代,女性,近畿,有料会員,5,5,4.0,4.0,10.0,検索,使いやすい
906,20代,女性,九州・沖縄,無料会員,4,4,4.0,3.0,6.0,検索,デザインが好き
907,20代,女性,関東,有料会員,4,5,4.0,5.0,8.0,メディア記事,使いやすい
908,30代,男性,関東,有料会員,5,4,5.0,4.0,10.0,SNS,コスパが良い
909,40代,回答しない,関東,無料会員,3,3,4.0,4.0,6.0,検索,特になし
910,30代,女性,中部,無料会員,4,4,4.0,2.0,7.0,SNS,コスパが良い
911,20代,男性,近畿,無料会員,2,3,2.0,2.0,7.0,その他,解約しづらい
912,20代,女性,中国・四国,無料会員,3,3,3.0,2.0,4.0,SNS,改善に期待
913,20代,男性,近畿,無料会員,3,3,3.0,,4.0,メディア記事,普通
914,30代,男性,近畿,有料会員,3,3,4.0,2.0,5.0,検索,改善に期待
915,20代,男性,関東,無料会員,4,3,3.0,3.0,10.0,広告,使いやすい
916,20代,女性,北海道・東北,無料会員,4,3,5.0,,8.0,メディア記事,サポートが丁寧
917,60代以上,女性,北海道・東北,無料会員,2,2,1.0,3.0,3.0,その他,在庫切れが多い
918,20代,女性,関東,無料会員,4,2,3.0,4.0,10.0,友人・知人,コスパが良い
919,40代,女性,九州・沖縄,有料会員,3,5,4.0,2.0,5.0,友人・知人,改善に期待
920,20代,女性,九州・沖縄,無料会員,3,3,3.0,4.0,4.0,友人・知人,普通
921,40代,女性,関東,無料会員,4,4,2.0,4.0,6.0,検索,デザインが好き
922,20代,女性,中部,無料会員,5,3,4.0,4.0,10.0,検索,
923,60代以上,女性,関東,無料会員,3,4,3.0,3.0,7.0,その他,
924,50代,男性,北海道・東北,無料会員,5,4,4.0,4.0,10.0,友人・知人,
925,20代,男性,北海道・東北,有料会員,3,4,3.0,3.0,5.0,友人・知人,
926,30代,男性,中部,有料会員,5,5,5.0,4.0,9.0,友人・知人,
927,30代,女性,関東,有料会員,3,5,3.0,4.0,3.0,SNS,普通
928,20代,女性,関東,無料会員,3,3,4.0,4.0,7.0,友人・知人,改善に期待
929,30代,男性,中部,有料会員,4,4,5.0,3.0,9.0,広告,デザインが好き
930,60代以上,男性,中部,有料会員,5,4,5.0,5.0,10.0,友人・知人,コスパが良い
931,30代,男性,九州・沖縄,無料会員,3,4,4.0,3.0,6.0,メディア記事,
932,40代,女性,九州・沖縄,有料会員,5,4,4.0,5.0,8.0,メディア記事,品揃えが豊富
933,30代,男性,関東,無料会員,4,5,3.0,4.0,10.0,広告,使いやすい
934,30代,男性,関東,有料会員,4,4,3.0,3.0,7.0,広告,使いやすい
935,20代,女性,近畿,有料会員,5,5,4.0,5.0,10.0,SNS,品揃えが豊富
936,40代,男性,中部,無料会員,3,3,3.0,3.0,6.0,検索,改善に期待
937,30代,男性,近畿,無料会員,4,3,4.0,5.0,6.0,広告,品揃えが豊富
938,40代,回答しない,関東,無料会員,3,4,4.0,2.0,6.0,広告,特になし
939,60代以上,女性,北海道・東北,有料会員,4,4,4.0,2.0,10.0,検索,品揃えが豊富
940,30代,女性,関東,無料会員,5,3,4.0,4.0,10.0,SNS,品揃えが豊富
941,20代,女性,近畿,有料会員,4,3,3.0,5.0,,その他,使いやすい
942,40代,女性,関東,有料会員,4,4,5.0,3.0,7.0,友人・知人,品揃えが豊富
943,50代,女性,九州・沖縄,無料会員,3,3,3.0,2.0,5.0,検索,普通
944,50代,女性,中部,無料会員,4,4,,3.0,6.0,検索,コスパが良い
945,50代,女性,中部,有料会員,4,4,3.0,4.0,9.0,友人・知人,品揃えが豊富
946,30代,女性,関東,無料会員,3,3,4.0,4.0,3.0,検索,改善に期待
947,30代,男性,関東,有料会員,4,3,3.0,4.0,10.0,検索,使いやすい
948,30代,女性,中国・四国,無料会員,5,3,5.0,4.0,8.0,広告,使いやすい
949,40代,女性,関東,無料会員,4,4,4.0,4.0,10.0,広告,コスパが良い
950,20代,男性,近畿,無料会員,2,3,1.0,3.0,3.0,メディア記事,
951,30代,女性,中部,有料会員,4,4,5.0,5.0,9.0,広告,サポートが丁寧
952,30代,女性,中国・四国,無料会員,3,4,2.0,5.0,7.0,友人・知人,普通
953,20代,女性,中部,有料会員,4,5,3.0,4.0,8.0,広告,サポートが丁寧
954,60代以上,女性,中部,無料会員,3,3,2.0,5.0,8.0,友人・知人,普通
955,40代,男性,中部,無料会員,2,3,1.0,2.0,5.0,友人・知人,問い合わせ対応が遅い
956,30代,男性,北海道・東北,無料会員,3,3,3.0,3.0,4.0,SNS,特になし
957,20代,男性,近畿,有料会員,2,3,4.0,4.0,4.0,友人・知人,在庫切れが多い
958,40代,女性,関東,有料会員,4,3,3.0,4.0,8.0,メディア記事,品揃えが豊富
959,40代,女性,近畿,無料会員,2,3,2.0,3.0,5.0,SNS,動作が重い
960,30代,女性,九州・沖縄,有料会員,5,4,4.0,5.0,10.0,検索,品揃えが豊富
961,20代,男性,中部,無料会員,2,2,3.0,4.0,4.0,広告,問い合わせ対応が遅い
962,50代,女性,中部,無料会員,3,4,4.0,2.0,6.0,SNS,普通
963,40代,男性,関東,有料会員,5,4,4.0,4.0,10.0,友人・知人,
964,30代,男性,近畿,有料会員,5,5,5.0,4.0,10.0,SNS,使いやすい
965,50代,女性,中部,無料会員,3,4,3.0,4.0,7.0,SNS,改善に期待
966,50代,女性,関東,無料会員,4,4,3.0,5.0,7.0,友人・知人,デザインが好き
967,20代,女性,近畿,有料会員,4,4,3.0,5.0,7.0,SNS,
968,50代,男性,中国・四国,無料会員,3,3,1.0,3.0,6.0,検索,特になし
969,60代以上,女性,関東,無料会員,3,4,3.0,,6.0,友人・知人,普通
970,20代,男性,九州・沖縄,無料会員,3,3,2.0,3.0,7.0,その他,普通
971,50代,女性,関東,無料会員,2,4,2.0,2.0,6.0,友人・知人,問い合わせ対応が遅い
972,40代,女性,中部,有料会員,4,5,3.0,4.0,8.0,広告,品揃えが豊富
973,20代,回答しない,近畿,無料会員,3,3,4.0,3.0,5.0,友人・知人,改善に期待
974,10代,男性,近畿,無料会員,3,3,3.0,4.0,8.0,SNS,改善に期待
975,20代,女性,関東,無料会員,3,4,4.0,2.0,4.0,検索,特になし
976,30代,女性,中国・四国,無料会員,4,4,,3.0,9.0,広告,コスパが良い
977,40代,男性,近畿,無料会員,4,5,3.0,4.0,8.0,広告,コスパが良い
978,20代,女性,北海道・東北,有料会員,4,4,5.0,4.0,6.0,SNS,コスパが良い
979,20代,男性,北海道・東北,無料会員,4,4,3.0,4.0,8.0,SNS,使いやすい
980,20代,女性,中国・四国,有料会員,4,4,3.0,5.0,8.0,友人・知人,品揃えが豊富
981,40代,女性,九州・沖縄,有料会員,5,5,5.0,,9.0,検索,
982,20代,女性,北海道・東北,有料会員,4,4,4.0,3.0,10.0,SNS,使いやすい
983,40代,女性,中部,有料会員,4,3,5.0,4.0,7.0,検索,コスパが良い
984,30代,男性,近畿,無料会員,3,2,2.0,4.0,7.0,広告,特になし
985,20代,女性,関東,有料会員,4,4,3.0,4.0,9.0,広告,使いやすい
986,40代,男性,近畿,無料会員,3,5,3.0,3.0,6.0,友人・知人,普通
987,50代,女性,関東,無料会員,3,3,2.0,,8.0,メディア記事,特になし
988,60代以上,女性,中部,無料会員,3,3,3.0,1.0,7.0,SNS,改善に期待
989,20代,女性,北海道・東北,無料会員,4,3,4.0,,7.0,友人・知人,品揃えが豊富
990,40代,女性,関東,無料会員,4,4,5.0,3.0,10.0,メディア記事,コスパが良い
991,50代,男性,関東,無料会員,3,2,3.0,2.0,7.0,メディア記事,
992,50代,男性,関東,無料会員,2,3,2.0,2.0,1.0,SNS,問い合わせ対応が遅い
993,40代,男性,関東,無料会員,4,4,2.0,3.0,7.0,友人・知人,
994,50代,女性,近畿,無料会員,4,3,3.0,5.0,8.0,SNS,サポートが丁寧
995,30代,男性,九州・沖縄,無料会員,2,5,1.0,1.0,4.0,検索,在庫切れが多い
996,40代,女性,近畿,無料会員,4,4,5.0,4.0,8.0,検索,使いやすい
997,50代,男性,関東,無料会員,3,4,1.0,3.0,5.0,友人・知人,改善に期待
998,30代,男性,近畿,無料会員,2,2,3.0,2.0,6.0,広告,値段が高い
999,30代,男性,関東,有料会員,3,3,2.0,3.0,6.0,検索,特になし
1000,50代,男性,北海道・東北,有料会員,4,4,4.0,4.0,10.0,友人・知人,デザインが好き
1001,50代,男性,中部,無料会員,2,3,3.0,1.0,3.0,友人・知人,在庫切れが多い
1002,40代,女性,近畿,無料会員,2,2,3.0,3.0,4.0,その他,動作が重い
1003,50代,女性,関東,無料会員,3,5,3.0,3.0,5.0,検索,特になし
1004,10代,男性,中部,無料会員,3,3,4.0,4.0,3.0,SNS,
1005,20代,男性,中部,無料会員,4,4,4.0,3.0,6.0,SNS,使いやすい
1006,20代,回答しない,中部,無料会員,3,3,2.0,4.0,6.0,メディア記事,
1007,50代,女性,九州・沖縄,無料会員,2,4,1.0,1.0,5.0,検索,解約しづらい
1008,20代,女性,中国・四国,無料会員,2,3,2.0,3.0,5.0,広告,解約しづらい
1009,20代,女性,関東,有料会員,4,4,,5.0,8.0,検索,使いやすい
1010,40代,男性,中部,無料会員,3,3,3.0,4.0,4.0,検索,普通
1011,40代,女性,関東,有料会員,5,5,4.0,5.0,10.0,SNS,品揃えが豊富
1012,30代,女性,近畿,有料会員,5,5,4.0,5.0,9.0,SNS,コスパが良い
1013,40代,女性,中部,無料会員,3,3,2.0,4.0,7.0,SNS,普通
1014,30代,女性,中部,無料会員,3,3,3.0,4.0,5.0,友人・知人,普通
1015,50代,女性,関東,無料会員,3,4,3.0,,6.0,検索,普通
1016,30代,男性,九州・沖縄,有料会員,4,4,3.0,,7.0,広告,サポートが丁寧
1017,40代,男性,中部,有料会員,4,4,5.0,3.0,5.0,友人・知人,コスパが良い
1018,40代,男性,関東,無料会員,3,4,3.0,2.0,6.0,検索,改善に期待
1019,20代,男性,関東,無料会員,4,3,2.0,4.0,7.0,広告,
1020,60代以上,女性,中国・四国,有料会員,4,5,4.0,4.0,7.0,友人・知人,使いやすい
1021,30代,男性,九州・沖縄,有料会員,4,4,4.0,5.0,9.0,SNS,サポートが丁寧
1022,50代,男性,関東,無料会員,4,4,3.0,5.0,8.0,友人・知人,品揃えが豊富
1023,30代,男性,九州・沖縄,有料会員,4,5,4.0,4.0,9.0,友人・知人,デザインが好き
1024,30代,男性,関東,無料会員,3,3,2.0,3.0,7.0,友人・知人,特になし
1025,20代,女性,関東,有料会員,3,4,3.0,4.0,4.0,友人・知人,特になし
1026,40代,男性,関東,無料会員,3,5,2.0,4.0,5.0,友人・知人,特になし
1027,30代,回答しない,近畿,無料会員,4,4,4.0,3.0,6.0,広告,品揃えが豊富
1028,30代,男性,北海道・東北,無料会員,2,3,3.0,2.0,4.0,検索,問い合わせ対応が遅い
1029,50代,男性,近畿,無料会員,3,4,2.0,2.0,7.0,検索,改善に期待
1030,20代,男性,中部,無料会員,2,3,2.0,4.0,5.0,友人・知人,動作が重い
1031,20代,女性,中国・四国,有料会員,3,3,4.0,3.0,6.0,広告,普通
1032,30代,男性,中国・四国,有料会員,4,4,3.0,5.0,7.0,友人・知人,デザインが好き
1033,40代,男性,中国・四国,無料会員,4,4,2.0,5.0,6.0,友人・知人,使いやすい
1034,40代,女性,関東,無料会員,3,3,4.0,3.0,6.0,メディア記事,特になし
1035,30代,男性,関東,無料会員,4,2,4.0,4.0,10.0,SNS,使いやすい
1036,50代,女性,九州・沖縄,有料会員,3,4,3.0,,3.0,広告,普通
1037,40代,女性,近畿,無料会員,3,3,3.0,4.0,8.0,SNS,特になし
1038,10代,女性,近畿,無料会員,3,4,2.0,2.0,7.0,検索,改善に期待
1039,40代,男性,北海道・東北,有料会員,4,3,4.0,4.0,6.0,検索,品揃えが豊富
1040,30代,女性,九州・沖縄,無料会員,3,5,3.0,3.0,6.0,SNS,普通
1041,20代,女性,北海道・東北,有料会員,3,4,4.0,4.0,4.0,メディア記事,特になし
1042,40代,男性,近畿,無料会員,4,4,4.0,4.0,7.0,広告,デザインが好き
1043,10代,女性,関東,無料会員,1,3,2.0,2.0,2.0,メディア記事,問い合わせ対応が遅い
1044,40代,男性,近畿,有料会員,4,4,4.0,3.0,9.0,友人・知人,品揃えが豊富
1045,40代,男性,関東,無料会員,4,5,3.0,2.0,10.0,検索,デザインが好き
1046,20代,男性,中国・四国,有料会員,4,3,3.0,4.0,5.0,広告,コスパが良い
1047,30代,回答しない,中部,無料会員,3,5,3.0,2.0,4.0,検索,改善に期待
1048,20代,男性,関東,無料会員,3,4,2.0,3.0,,広告,改善に期待
1049,40代,女性,中国・四国,無料会員,2,2,2.0,,4.0,メディア記事,解約しづらい
1050,30代,女性,関東,有料会員,4,5,3.0,5.0,7.0,SNS,
1051,60代以上,男性,関東,有料会員,4,4,4.0,4.0,7.0,SNS,サポートが丁寧
1052,40代,男性,中部,有料会員,5,5,5.0,3.0,10.0,検索,デザインが好き
1053,50代,女性,中国・四国,有料会員,4,5,3.0,5.0,5.0,友人・知人,品揃えが豊富
1054,20代,女性,中部,無料会員,3,3,2.0,2.0,4.0,広告,特になし
1055,50代,女性,北海道・東北,無料会員,2,4,4.0,2.0,2.0,メディア記事,値段が高い
1056,20代,女性,近畿,有料会員,3,4,3.0,3.0,6.0,SNS,特になし
1057,40代,女性,関東,有料会員,4,4,4.0,4.0,8.0,広告,コスパが良い
1058,30代,男性,関東,無料会員,4,3,4.0,3.0,,広告,コスパが良い
1059,60代以上,男性,北海道・東北,無料会員,2,3,3.0,,3.0,検索,値段が高い
1060,40代,女性,関東,有料会員,3,3,2.0,5.0,5.0,SNS,普通
1061,50代,女性,関東,無料会員,3,3,4.0,3.0,7.0,SNS,特になし
1062,40代,男性,関東,無料会員,4,4,4.0,3.0,7.0,検索,サポートが丁寧
1063,60代以上,男性,近畿,有料会員,4,5,2.0,3.0,7.0,検索,
1064,30代,男性,近畿,無料会員,3,4,2.0,4.0,4.0,友人・知人,
1065,40代,女性,近畿,有料会員,5,4,3.0,,,広告,サポートが丁寧
1066,20代,女性,中国・四国,有料会員,4,4,5.0,4.0,10.0,友人・知人,品揃えが豊富
1067,20代,女性,中部,有料会員,4,4,4.0,3.0,9.0,メディア記事,品揃えが豊富
1068,50代,女性,北海道・東北,有料会員,3,4,1.0,4.0,7.0,広告,改善に期待
1069,10代,女性,関東,無料会員,2,2,2.0,3.0,,SNS,動作が重い
1070,30代,回答しない,関東,無料会員,3,2,3.0,4.0,5.0,SNS,普通
1071,30代,男性,近畿,有料会員,4,3,4.0,4.0,6.0,広告,サポートが丁寧
1072,30代,男性,九州・沖縄,無料会員,4,3,3.0,4.0,10.0,検索,コスパが良い
1073,30代,女性,関東,有料会員,3,3,5.0,4.0,7.0,広告,特になし
1074,30代,女性,関東,無料会員,5,4,4.0,3.0,10.0,友人・知人,品揃えが豊富
1075,50代,女性,中部,有料会員,3,4,4.0,2.0,6.0,広告,普通
1076,20代,男性,近畿,無料会員,4,3,4.0,3.0,6.0,SNS,品揃えが豊富
1077,40代,女性,北海道・東北,無料会員,4,3,2.0,3.0,9.0,検索,サポートが丁寧
1078,60代以上,女性,九州・沖縄,無料会員,3,4,2.0,3.0,7.0,広告,改善に期待
1079,50代,男性,中部,無料会員,4,3,2.0,4.0,7.0,SNS,品揃えが豊富
1080,30代,女性,近畿,無料会員,4,4,5.0,3.0,10.0,検索,使いやすい
1081,40代,女性,中部,無料会員,4,3,4.0,4.0,10.0,SNS,デザインが好き
1082,30代,女性,九州・沖縄,無料会員,5,4,4.0,5.0,9.0,広告,
1083,50代,女性,関東,無料会員,3,4,4.0,3.0,5.0,広告,普通
1084,40代,女性,中国・四国,無料会員,3,4,2.0,2.0,5.0,メディア記事,特になし
1085,40代,女性,九州・沖縄,有料会員,3,4,5.0,3.0,6.0,検索,改善に期待
1086,30代,女性,中部,無料会員,3,5,4.0,,7.0,検索,改善に期待
1087,30代,女性,関東,無料会員,4,5,4.0,3.0,8.0,広告,サポートが丁寧
1088,30代,男性,近畿,有料会員,2,3,4.0,,2.0,検索,問い合わせ対応が遅い
1089,30代,男性,中国・四国,無料会員,2,3,2.0,2.0,6.0,広告,値段が高い
1090,20代,女性,中国・四国,有料会員,3,5,2.0,4.0,5.0,検索,特になし
1091,40代,女性,中国・四国,無料会員,3,3,3.0,4.0,5.0,友人・知人,普通
1092,30代,女性,近畿,有料会員,4,4,5.0,3.0,,友人・知人,品揃えが豊富
1093,20代,男性,中部,有料会員,5,5,4.0,,10.0,友人・知人,サポートが丁寧
1094,40代,女性,近畿,無料会員,2,4,2.0,2.0,6.0,SNS,値段が高い
1095,30代,女性,中部,無料会員,3,4,4.0,3.0,5.0,メディア記事,改善に期待
1096,30代,女性,近畿,無料会員,4,3,4.0,4.0,8.0,SNS,コスパが良い
1097,50代,女性,関東,有料会員,4,4,4.0,4.0,6.0,検索,
1098,40代,女性,近畿,無料会員,2,4,1.0,1.0,5.0,広告,動作が重い
1099,40代,男性,関東,有料会員,4,4,3.0,4.0,8.0,検索,品揃えが豊富
1100,20代,女性,近畿,有料会員,4,4,4.0,5.0,7.0,検索,デザインが好き
1101,20代,女性,中国・四国,無料会員,4,4,4.0,3.0,8.0,検索,サポートが丁寧
1102,20代,回答しない,中部,有料会員,4,5,3.0,5.0,9.0,検索,デザインが好き
1103,30代,男性,中部,無料会員,2,4,2.0,4.0,3.0,友人・知人,動作が重い
1104,40代,女性,関東,無料会員,4,2,3.0,4.0,9.0,友人・知人,デザインが好き
1105,20代,回答しない,中国・四国,無料会員,3,3,2.0,4.0,7.0,検索,改善に期待
1106,60代以上,回答しない,関東,有料会員,4,4,4.0,4.0,7.0,広告,デザインが好き
1107,10代,女性,九州・沖縄,有料会員,5,4,4.0,5.0,8.0,SNS,デザインが好き
1108,40代,回答しない,関東,無料会員,3,3,3.0,3.0,7.0,検索,普通
1109,40代,女性,関東,無料会員,4,4,2.0,3.0,6.0,広告,サポートが丁寧
1110,20代,女性,中部,有料会員,4,5,5.0,5.0,9.0,SNS,サポートが丁寧
1111,50代,男性,関東,無料会員,1,2,3.0,1.0,1.0,SNS,問い合わせ対応が遅い
1112,30代,女性,関東,有料会員,4,4,4.0,4.0,9.0,SNS,コスパが良い
1113,30代,回答しない,中部,無料会員,3,5,1.0,3.0,6.0,メディア記事,特になし
1114,40代,女性,関東,無料会員,3,3,3.0,4.0,6.0,友人・知人,改善に期待
1115,40代,女性,中国・四国,無料会員,3,3,2.0,3.0,4.0,検索,普通
1116,30代,女性,関東,有料会員,4,4,3.0,,9.0,SNS,サポートが丁寧
1117,50代,男性,北海道・東北,無料会員,3,4,3.0,5.0,6.0,その他,改善に期待
1118,20代,女性,中部,無料会員,2,2,3.0,3.0,4.0,友人・知人,値段が高い
1119,20代,女性,中国・四国,有料会員,4,5,2.0,3.0,6.0,検索,品揃えが豊富
1120,30代,男性,関東,有料会員,4,3,4.0,4.0,9.0,友人・知人,
1121,50代,女性,関東,無料会員,2,4,3.0,2.0,3.0,友人・知人,問い合わせ対応が遅い
1122,40代,女性,関東,無料会員,2,4,3.0,1.0,4.0,メディア記事,在庫切れが多い
1123,60代以上,女性,中部,有料会員,4,5,4.0,5.0,8.0,その他,使いやすい
1124,30代,女性,関東,無料会員,1,2,1.0,1.0,3.0,広告,動作が重い
1125,40代,男性,近畿,無料会員,3,4,2.0,4.0,,メディア記事,改善に期待
1126,10代,男性,近畿,無料会員,3,3,3.0,4.0,6.0,SNS,改善に期待
1127,30代,女性,中国・四国,無料会員,3,3,1.0,4.0,4.0,検索,特になし
1128,50代,男性,近畿,有料会員,3,4,4.0,5.0,8.0,検索,普通
1129,40代,男性,中国・四国,無料会員,3,3,2.0,4.0,8.0,その他,普通
1130,30代,男性,近畿,無料会員,2,3,1.0,4.0,6.0,その他,
1131,30代,男性,北海道・東北,無料会員,4,4,4.0,3.0,6.0,SNS,コスパが良い
1132,30代,男性,中部,無料会員,3,3,2.0,4.0,7.0,友人・知人,普通
1133,40代,男性,関東,無料会員,2,3,1.0,4.0,4.0,検索,
1134,20代,女性,関東,無料会員,4,4,4.0,4.0,9.0,友人・知人,コスパが良い
1135,10代,男性,中国・四国,有料会員,4,4,5.0,3.0,8.0,検索,使いやすい
1136,20代,女性,関東,無料会員,2,3,4.0,1.0,7.0,友人・知人,解約しづらい
1137,40代,男性,九州・沖縄,無料会員,4,3,3.0,4.0,10.0,検索,コスパが良い
1138,50代,女性,九州・沖縄,有料会員,4,3,5.0,4.0,8.0,検索,コスパが良い
1139,30代,女性,関東,有料会員,4,5,3.0,3.0,,SNS,コスパが良い
1140,30代,女性,中部,無料会員,2,3,2.0,2.0,3.0,友人・知人,問い合わせ対応が遅い
1141,40代,女性,北海道・東北,無料会員,4,5,3.0,3.0,8.0,広告,品揃えが豊富
1142,20代,男性,北海道・東北,有料会員,4,4,4.0,4.0,10.0,その他,コスパが良い
1143,50代,女性,北海道・東北,無料会員,3,3,4.0,4.0,5.0,SNS,特になし
1144,30代,女性,北海道・東北,有料会員,4,4,4.0,4.0,7.0,検索,コスパが良い
1145,30代,女性,九州・沖縄,有料会員,4,4,,5.0,8.0,友人・知人,サポートが丁寧
1146,20代,女性,近畿,無料会員,3,3,2.0,4.0,6.0,広告,特になし
1147,30代,男性,近畿,有料会員,4,5,3.0,4.0,8.0,SNS,使いやすい
1148,20代,女性,関東,無料会員,2,2,2.0,4.0,2.0,その他,動作が重い
1149,30代,女性,関東,有料会員,3,3,2.0,5.0,7.0,検索,特になし
1150,20代,女性,関東,無料会員,2,2,4.0,2.0,4.0,検索,動作が重い
1151,20代,回答しない,近畿,有料会員,4,4,4.0,,9.0,その他,コスパが良い
1152,30代,男性,中国・四国,無料会員,2,3,2.0,4.0,4.0,検索,値段が高い
1153,20代,女性,中国・四国,有料会員,4,5,3.0,3.0,9.0,SNS,品揃えが豊富
1154,20代,女性,中部,有料会員,5,3,4.0,4.0,10.0,広告,サポートが丁寧
1155,40代,女性,中国・四国,有料会員,4,5,4.0,3.0,9.0,友人・知人,デザインが好き
1156,30代,男性,関東,無料会員,3,3,2.0,4.0,6.0,広告,
1157,40代,男性,関東,無料会員,2,3,2.0,2.0,2.0,友人・知人,問い合わせ対応が遅い
1158,10代,女性,北海道・東北,無料会員,3,4,,4.0,7.0,SNS,普通
1159,40代,男性,中部,無料会員,3,3,3.0,4.0,6.0,その他,普通
1160,30代,男性,北海道・東北,無料会員,3,5,2.0,3.0,6.0,SNS,改善に期待
1161,30代,男性,関東,有料会員,4,5,3.0,3.0,9.0,メディア記事,使いやすい
1162,30代,女性,近畿,有料会員,3,4,4.0,4.0,5.0,広告,改善に期待
1163,40代,女性,関東,無料会員,3,2,3.0,3.0,7.0,検索,
1164,30代,女性,九州・沖縄,無料会員,2,3,1.0,2.0,5.0,メディア記事,在庫切れが多い
1165,30代,男性,近畿,無料会員,2,3,2.0,3.0,4.0,メディア記事,
1166,20代,女性,九州・沖縄,無料会員,4,4,3.0,3.0,8.0,検索,品揃えが豊富
1167,20代,男性,九州・沖縄,無料会員,4,2,4.0,5.0,7.0,友人・知人,品揃えが豊富
1168,30代,女性,九州・沖縄,有料会員,4,5,4.0,4.0,10.0,友人・知人,コスパが良い
1169,50代,男性,関東,無料会員,4,4,3.0,,7.0,検索,コスパが良い
1170,20代,男性,関東,有料会員,4,3,4.0,3.0,,検索,使いやすい
1171,30代,男性,九州・沖縄,有料会員,5,5,4.0,3.0,10.0,友人・知人,コスパが良い
1172,50代,女性,近畿,有料会員,4,5,4.0,4.0,8.0,SNS,コスパが良い
1173,20代,女性,北海道・東北,無料会員,3,4,3.0,3.0,9.0,検索,
1174,40代,女性,近畿,無料会員,3,4,2.0,3.0,8.0,友人・知人,改善に期待
1175,40代,女性,近畿,無料会員,3,3,4.0,3.0,9.0,友人・知人,改善に期待
1176,30代,女性,近畿,無料会員,5,5,3.0,3.0,10.0,SNS,コスパが良い
1177,60代以上,男性,九州・沖縄,無料会員,4,2,4.0,3.0,10.0,検索,使いやすい
1178,20代,男性,近畿,有料会員,4,4,5.0,4.0,10.0,友人・知人,コスパが良い
1179,40代,男性,近畿,無料会員,2,3,4.0,,6.0,友人・知人,問い合わせ対応が遅い
1180,30代,女性,関東,無料会員,3,4,4.0,3.0,8.0,SNS,特になし
1181,50代,女性,近畿,有料会員,5,5,4.0,5.0,10.0,友人・知人,
1182,20代,女性,九州・沖縄,無料会員,4,3,4.0,4.0,7.0,メディア記事,デザインが好き
1183,50代,女性,中国・四国,無料会員,3,4,2.0,3.0,8.0,検索,普通
1184,50代,男性,中部,無料会員,2,3,3.0,3.0,3.0,広告,問い合わせ対応が遅い
1185,20代,回答しない,中部,無料会員,2,3,3.0,1.0,5.0,検索,動作が重い
1186,30代,男性,北海道・東北,無料会員,3,5,3.0,2.0,7.0,SNS,改善に期待
1187,30代,女性,関東,無料会員,3,2,4.0,4.0,4.0,検索,特になし
1188,60代以上,男性,関東,有料会員,5,5,4.0,4.0,10.0,広告,デザインが好き
1189,30代,男性,近畿,無料会員,3,4,3.0,2.0,6.0,友人・知人,改善に期待
1190,60代以上,男性,九州・沖縄,無料会員,4,3,2.0,5.0,7.0,SNS,コスパが良い
1191,40代,男性,中国・四国,有料会員,2,3,,3.0,4.0,検索,問い合わせ対応が遅い
1192,30代,男性,近畿,無料会員,4,3,4.0,5.0,7.0,SNS,サポートが丁寧
1193,20代,男性,九州・沖縄,無料会員,4,4,4.0,3.0,,広告,デザインが好き
1194,30代,女性,関東,有料会員,4,4,4.0,4.0,10.0,検索,デザインが好き
1195,50代,女性,近畿,無料会員,4,4,3.0,3.0,8.0,検索,品揃えが豊富
1196,10代,女性,九州・沖縄,無料会員,2,3,2.0,3.0,2.0,メディア記事,
1197,10代,女性,関東,無料会員,4,3,2.0,4.0,8.0,検索,コスパが良い
1198,60代以上,女性,関東,有料会員,4,4,5.0,4.0,9.0,メディア記事,使いやすい
1199,40代,女性,中国・四国,有料会員,3,4,3.0,4.0,7.0,検索,特になし
1200,30代,男性,関東,無料会員,4,5,3.0,3.0,7.0,友人・知人,デザインが好き
