customer_id,name,gender,age,prefecture,registration_date,acquisition_channel
1,山本 悠人,女性,33,東京都,2023-12-24,検索広告
2,吉田 莉子,女性,53,東京都,2024-03-25,友人紹介
3,田中 陽斗,男性,80,千葉県,2024-06-04,検索広告
4,高橋 陽菜,女性,46,東京都,2024-03-08,検索広告
5,鈴木 葵,男性,39,愛知県,2024-07-07,オーガニック検索
6,鈴木 結衣,男性,22,大阪府,2024-08-30,検索広告
7,鈴木 葵,女性,30,東京都,2024-03-10,検索広告
8,伊藤 凛,女性,35,東京都,2023-09-18,検索広告
9,佐々木 凛,男性,32,埼玉県,2024-07-08,検索広告
10,加藤 悠真,男性,38,東京都,2024-10-21,SNS広告
11,伊藤 莉子,男性,59,千葉県,2023-11-04,メルマガ
12,松本 大翔,女性,53,大阪府,2024-03-12,SNS広告
13,佐々木 悠真,男性,36,愛知県,2024-10-29,SNS広告
14,佐々木 陽斗,男性,24,埼玉県,2024-02-12,オーガニック検索
15,松本 莉子,回答なし,54,福岡県,2024-09-18,SNS広告
16,山田 陽菜,女性,37,東京都,2023-12-11,SNS広告
17,井上 悠真,回答なし,18,兵庫県,2023-09-11,SNS広告
18,渡辺 陽斗,女性,47,京都府,2024-01-29,SNS広告
19,山口 結衣,男性,50,神奈川県,2024-06-01,SNS広告
20,鈴木 芽依,女性,18,東京都,2024-03-14,検索広告
21,伊藤 葵,男性,28,東京都,2024-08-13,メルマガ
22,松本 美咲,女性,37,広島県,2023-10-12,友人紹介
23,高橋 湊,男性,47,東京都,2024-07-21,メルマガ
24,小林 美咲,女性,32,兵庫県,2024-02-08,検索広告
25,渡辺 さくら,女性,28,埼玉県,2024-06-21,オーガニック検索
26,鈴木 結衣,男性,47,埼玉県,2024-06-29,オーガニック検索
27,田中 悠真,男性,32,愛知県,2023-06-21,検索広告
28,小林 樹,女性,45,東京都,2024-07-25,友人紹介
29,吉田 葵,男性,25,神奈川県,2024-02-07,オーガニック検索
30,吉田 凛,女性,22,福岡県,2024-11-07,検索広告
31,高橋 芽依,男性,47,東京都,2023-12-01,友人紹介
32,渡辺 大翔,男性,41,広島県,2024-10-03,検索広告
33,鈴木 大翔,男性,49,福岡県,2023-10-03,SNS広告
34,佐藤 樹,男性,32,宮城県,2023-05-30,検索広告
35,山本 蓮,女性,28,千葉県,2024-07-20,検索広告
36,加藤 陽菜,女性,54,東京都,2023-06-22,友人紹介
37,渡辺 陽斗,男性,20,愛知県,2023-07-14,オーガニック検索
38,佐藤 葵,女性,53,福岡県,2024-11-01,検索広告
39,田中 蓮,女性,54,広島県,2024-02-05,オーガニック検索
40,山本 美咲,男性,48,福岡県,2024-06-18,メルマガ
41,渡辺 湊,女性,30,東京都,2024-06-14,メルマガ
42,山口 湊,女性,28,千葉県,2024-07-08,友人紹介
43,加藤 湊,回答なし,35,東京都,2024-02-16,メルマガ
44,井上 結衣,女性,22,広島県,2023-03-26,オーガニック検索
45,高橋 陽斗,女性,26,東京都,2023-08-22,SNS広告
46,渡辺 陽菜,女性,46,東京都,2023-10-29,友人紹介
47,鈴木 湊,女性,46,北海道,2024-10-15,検索広告
48,佐藤 葵,男性,25,東京都,2024-09-21,検索広告
49,松本 美咲,男性,46,東京都,2023-06-19,SNS広告
50,中村 莉子,男性,43,東京都,2024-01-11,検索広告
51,吉田 凛,女性,56,兵庫県,2024-12-08,オーガニック検索
52,伊藤 莉子,女性,45,大阪府,2024-04-11,メルマガ
53,佐藤 大翔,女性,51,東京都,2024-06-12,SNS広告
54,松本 結衣,男性,44,大阪府,2024-06-22,オーガニック検索
55,吉田 芽依,男性,50,神奈川県,2024-06-02,SNS広告
56,山田 樹,女性,23,大阪府,2024-01-04,オーガニック検索
57,小林 美咲,男性,37,神奈川県,2023-06-06,検索広告
58,山本 悠人,男性,38,千葉県,2024-08-10,検索広告
59,山本 芽依,女性,35,神奈川県,2024-08-03,オーガニック検索
60,佐々木 樹,男性,43,東京都,2023-08-03,SNS広告
61,田中 さくら,男性,46,愛知県,2024-11-13,SNS広告
62,渡辺 莉子,女性,43,大阪府,2023-02-05,SNS広告
63,伊藤 大翔,女性,36,大阪府,2023-02-22,検索広告
64,小林 樹,男性,29,神奈川県,2023-06-15,オーガニック検索
65,井上 芽依,男性,51,千葉県,2023-11-22,SNS広告
66,松本 芽依,男性,42,大阪府,2024-03-26,SNS広告
67,小林 莉子,男性,26,宮城県,2024-01-23,メルマガ
68,田中 悠人,男性,36,宮城県,2024-03-17,オーガニック検索
69,井上 大翔,女性,18,神奈川県,2023-11-30,検索広告
70,渡辺 陽菜,女性,38,東京都,2024-10-18,オーガニック検索
71,渡辺 凛,女性,36,神奈川県,2023-10-23,検索広告
72,松本 大翔,男性,31,東京都,2023-12-23,検索広告
73,伊藤 悠人,男性,57,愛知県,2023-08-01,オーガニック検索
74,中村 蓮,男性,24,大阪府,2024-03-06,検索広告
75,松本 莉子,女性,46,大阪府,2024-08-25,検索広告
76,渡辺 さくら,女性,64,愛知県,2024-11-23,メルマガ
77,加藤 蓮,男性,51,神奈川県,2024-05-11,オーガニック検索
78,佐藤 陽菜,女性,38,福岡県,2024-04-22,友人紹介
79,井上 莉子,女性,24,大阪府,2023-12-04,メルマガ
80,山本 芽依,男性,22,千葉県,2024-05-17,SNS広告
81,吉田 陽菜,男性,33,東京都,2023-10-22,オーガニック検索
82,小林 陽菜,男性,30,愛知県,2024-05-25,SNS広告
83,山本 芽依,女性,29,愛知県,2024-02-20,オーガニック検索
84,山本 樹,女性,34,大阪府,2024-05-22,SNS広告
85,佐藤 颯太,女性,37,大阪府,2024-09-30,検索広告
86,伊藤 葵,女性,44,広島県,2023-07-09,検索広告
87,山本 葵,女性,23,福岡県,2024-04-03,オーガニック検索
88,渡辺 湊,女性,30,愛知県,2024-01-29,検索広告
89,伊藤 大翔,回答なし,36,福岡県,2024-04-21,オーガニック検索
90,吉田 湊,女性,36,広島県,2024-05-06,メルマガ
91,山口 悠人,女性,60,北海道,2024-05-02,オーガニック検索
92,松本 颯太,女性,41,愛知県,2024-09-20,SNS広告
93,井上 陽斗,男性,19,東京都,2024-10-19,検索広告
94,吉田 湊,女性,43,東京都,2023-12-16,友人紹介
95,山本 さくら,女性,45,東京都,2023-09-03,オーガニック検索
96,吉田 凛,女性,36,埼玉県,2023-05-28,SNS広告
97,高橋 樹,女性,23,北海道,2024-11-14,友人紹介
98,山口 颯太,男性,59,東京都,2023-08-18,検索広告
99,小林 陽斗,女性,25,北海道,2024-01-01,SNS広告
100,高橋 芽依,女性,46,愛知県,2024-02-16,検索広告
101,山本 蓮,男性,40,兵庫県,2023-10-16,検索広告
102,伊藤 さくら,女性,45,福岡県,2024-02-22,SNS広告
103,渡辺 颯太,男性,58,埼玉県,2024-11-04,オーガニック検索
104,佐藤 颯太,女性,45,東京都,2023-02-03,SNS広告
105,佐藤 陽菜,男性,31,兵庫県,2023-09-29,オーガニック検索
106,渡辺 湊,女性,51,東京都,2023-11-22,メルマガ
107,伊藤 悠人,女性,30,福岡県,2024-06-22,メルマガ
108,井上 芽依,女性,40,大阪府,2023-07-03,検索広告
109,伊藤 大翔,回答なし,22,埼玉県,2024-02-05,オーガニック検索
110,渡辺 湊,女性,26,東京都,2023-10-03,検索広告
111,松本 陽斗,男性,39,北海道,2024-04-14,オーガニック検索
112,山口 芽依,男性,42,千葉県,2023-12-11,SNS広告
113,佐藤 悠真,女性,18,神奈川県,2023-08-19,オーガニック検索
114,鈴木 さくら,女性,44,兵庫県,2024-07-20,検索広告
115,鈴木 陽斗,女性,28,愛知県,2024-08-21,オーガニック検索
116,中村 結衣,回答なし,53,神奈川県,2024-05-18,検索広告
117,加藤 陽菜,男性,34,東京都,2024-11-11,検索広告
118,渡辺 陽菜,女性,25,埼玉県,2023-10-24,オーガニック検索
119,佐藤 結衣,女性,39,東京都,2024-05-19,SNS広告
120,田中 颯太,男性,27,大阪府,2023-10-21,オーガニック検索
121,加藤 凛,女性,53,愛知県,2024-06-28,オーガニック検索
122,渡辺 美咲,女性,38,京都府,2024-03-20,オーガニック検索
123,鈴木 蓮,女性,36,埼玉県,2024-07-06,オーガニック検索
124,吉田 樹,女性,45,東京都,2023-07-29,オーガニック検索
125,加藤 颯太,男性,26,京都府,2024-08-05,メルマガ
126,中村 悠人,男性,23,大阪府,2024-11-10,検索広告
127,井上 悠真,女性,43,大阪府,2023-02-09,オーガニック検索
128,山口 莉子,女性,25,千葉県,2023-04-03,オーガニック検索
129,佐藤 湊,男性,25,兵庫県,2024-09-23,検索広告
130,松本 悠真,女性,48,東京都,2023-11-21,検索広告
131,佐藤 美咲,女性,44,神奈川県,2024-01-19,検索広告
132,中村 樹,女性,23,大阪府,2023-05-09,オーガニック検索
133,松本 陽斗,男性,31,東京都,2024-02-01,SNS広告
134,井上 陽菜,回答なし,27,京都府,2024-06-03,オーガニック検索
135,佐藤 大翔,男性,59,神奈川県,2024-10-02,オーガニック検索
136,鈴木 樹,女性,49,東京都,2024-12-17,オーガニック検索
137,田中 樹,男性,33,東京都,2023-05-05,検索広告
138,伊藤 芽依,女性,45,兵庫県,2023-12-26,オーガニック検索
139,伊藤 美咲,男性,22,大阪府,2024-04-03,オーガニック検索
140,山本 陽菜,女性,30,東京都,2024-04-26,検索広告
141,渡辺 湊,女性,39,東京都,2024-07-09,検索広告
142,加藤 陽斗,女性,43,東京都,2023-12-31,SNS広告
143,山口 陽斗,女性,37,東京都,2023-10-31,友人紹介
144,小林 さくら,女性,41,大阪府,2023-11-18,SNS広告
145,渡辺 湊,男性,39,東京都,2023-06-08,検索広告
146,加藤 蓮,男性,36,東京都,2023-09-27,検索広告
147,加藤 大翔,男性,34,北海道,2024-03-19,検索広告
148,松本 陽斗,女性,33,愛知県,2024-10-20,SNS広告
149,井上 悠真,女性,41,大阪府,2024-10-01,オーガニック検索
150,伊藤 さくら,女性,43,愛知県,2024-09-29,SNS広告
151,松本 陽菜,女性,40,千葉県,2023-11-03,メルマガ
152,山口 湊,女性,24,福岡県,2024-01-18,検索広告
153,高橋 悠人,男性,26,埼玉県,2024-09-24,SNS広告
154,小林 大翔,回答なし,43,兵庫県,2024-11-29,オーガニック検索
155,高橋 陽菜,女性,56,愛知県,2024-07-09,オーガニック検索
156,中村 葵,男性,40,東京都,2023-07-24,メルマガ
157,佐藤 蓮,男性,33,京都府,2024-02-20,検索広告
158,伊藤 樹,女性,41,愛知県,2024-01-28,SNS広告
159,加藤 大翔,男性,24,愛知県,2024-07-12,オーガニック検索
160,伊藤 大翔,女性,54,東京都,2024-09-18,検索広告
161,佐藤 樹,女性,40,埼玉県,2024-02-22,メルマガ
162,山本 悠真,回答なし,30,兵庫県,2024-11-11,SNS広告
163,小林 美咲,男性,36,東京都,2024-10-02,検索広告
164,佐々木 芽依,女性,32,北海道,2024-10-25,オーガニック検索
165,高橋 芽依,女性,54,東京都,2023-08-04,オーガニック検索
166,中村 颯太,回答なし,36,埼玉県,2024-06-07,メルマガ
167,田中 悠人,女性,40,京都府,2023-05-30,メルマガ
168,高橋 颯太,男性,45,愛知県,2023-10-23,検索広告
169,鈴木 蓮,男性,29,広島県,2024-10-29,オーガニック検索
170,佐々木 悠人,女性,40,埼玉県,2023-08-26,友人紹介
171,松本 樹,男性,41,神奈川県,2023-07-24,検索広告
172,吉田 陽菜,男性,19,東京都,2024-08-14,SNS広告
173,山本 樹,男性,41,東京都,2023-12-23,メルマガ
174,井上 大翔,女性,37,大阪府,2023-09-07,検索広告
175,中村 莉子,女性,40,東京都,2023-11-07,友人紹介
176,小林 美咲,女性,38,東京都,2024-09-26,SNS広告
177,吉田 陽菜,男性,41,兵庫県,2023-05-26,メルマガ
178,吉田 湊,男性,54,千葉県,2024-10-23,オーガニック検索
179,中村 陽菜,男性,24,北海道,2024-10-09,オーガニック検索
180,中村 蓮,男性,34,大阪府,2024-02-05,オーガニック検索
181,渡辺 大翔,女性,46,埼玉県,2023-10-25,検索広告
182,吉田 さくら,女性,44,兵庫県,2023-08-07,オーガニック検索
183,吉田 凛,男性,44,大阪府,2024-12-16,友人紹介
184,山本 陽菜,女性,71,北海道,2023-08-29,友人紹介
185,山田 颯太,男性,45,東京都,2023-07-05,友人紹介
186,高橋 莉子,女性,52,東京都,2024-03-31,オーガニック検索
187,山本 結衣,女性,34,大阪府,2024-11-25,オーガニック検索
188,井上 莉子,男性,26,埼玉県,2024-10-17,オーガニック検索
189,山田 大翔,女性,34,大阪府,2023-08-01,オーガニック検索
190,山田 美咲,女性,47,千葉県,2024-01-08,オーガニック検索
191,山口 悠人,男性,43,神奈川県,2023-04-08,検索広告
192,加藤 悠真,男性,43,東京都,2023-07-16,検索広告
193,吉田 颯太,回答なし,35,東京都,2024-04-12,オーガニック検索
194,中村 陽菜,男性,34,神奈川県,2024-04-05,SNS広告
195,山口 凛,男性,36,千葉県,2023-03-19,SNS広告
196,山田 芽依,女性,47,福岡県,2024-04-05,検索広告
197,小林 蓮,女性,48,東京都,2023-09-01,メルマガ
198,高橋 芽依,男性,26,大阪府,2023-07-15,友人紹介
199,佐々木 蓮,女性,47,東京都,2024-02-28,オーガニック検索
200,渡辺 湊,回答なし,30,大阪府,2024-01-29,友人紹介
201,渡辺 結衣,男性,44,北海道,2024-11-30,メルマガ
202,鈴木 陽菜,女性,36,愛知県,2024-02-09,検索広告
203,田中 悠真,女性,57,東京都,2023-09-02,検索広告
204,高橋 樹,男性,33,東京都,2024-08-01,検索広告
205,鈴木 颯太,女性,40,千葉県,2024-02-22,検索広告
206,佐藤 悠真,女性,45,神奈川県,2024-07-14,オーガニック検索
207,伊藤 湊,男性,28,埼玉県,2023-11-22,検索広告
208,佐々木 結衣,女性,37,東京都,2024-07-26,メルマガ
209,山口 颯太,女性,35,福岡県,2023-04-29,オーガニック検索
210,田中 結衣,男性,32,東京都,2024-05-23,SNS広告
211,山本 陽斗,男性,33,千葉県,2024-01-22,友人紹介
212,山口 結衣,女性,51,兵庫県,2023-06-11,友人紹介
213,山田 美咲,回答なし,31,大阪府,2024-02-17,オーガニック検索
214,松本 悠真,男性,45,神奈川県,2023-05-04,オーガニック検索
215,山本 悠人,女性,42,千葉県,2024-01-20,友人紹介
216,高橋 葵,女性,21,東京都,2024-05-09,オーガニック検索
217,高橋 悠人,男性,44,千葉県,2024-09-08,メルマガ
218,山田 陽斗,女性,21,神奈川県,2024-06-22,検索広告
219,佐藤 湊,男性,46,大阪府,2023-11-03,オーガニック検索
220,中村 湊,男性,32,兵庫県,2023-12-24,SNS広告
221,渡辺 悠真,女性,38,東京都,2023-04-29,検索広告
222,松本 凛,男性,22,東京都,2024-01-14,検索広告
223,井上 湊,女性,39,神奈川県,2024-04-12,検索広告
224,中村 結衣,男性,49,千葉県,2024-10-11,検索広告
225,加藤 悠真,女性,28,神奈川県,2024-02-28,検索広告
226,山本 芽依,男性,31,愛知県,2023-09-11,SNS広告
227,佐々木 悠人,女性,43,埼玉県,2024-05-16,メルマガ
228,伊藤 陽菜,男性,44,福岡県,2024-01-09,オーガニック検索
229,山田 颯太,男性,18,神奈川県,2024-07-15,オーガニック検索
230,松本 大翔,女性,62,東京都,2023-12-24,検索広告
231,高橋 美咲,女性,44,東京都,2024-02-15,メルマガ
232,田中 樹,男性,46,愛知県,2023-12-30,検索広告
233,山本 芽依,男性,36,東京都,2024-03-10,SNS広告
234,山口 颯太,女性,18,東京都,2024-01-31,SNS広告
235,吉田 陽斗,女性,46,神奈川県,2024-05-29,友人紹介
236,田中 さくら,男性,31,大阪府,2023-05-17,友人紹介
237,渡辺 美咲,女性,45,福岡県,2024-01-17,オーガニック検索
238,吉田 凛,男性,35,神奈川県,2024-02-20,オーガニック検索
239,井上 悠真,女性,41,東京都,2024-11-23,SNS広告
240,中村 悠真,女性,29,神奈川県,2024-08-14,オーガニック検索
241,鈴木 悠真,男性,48,神奈川県,2023-12-24,検索広告
242,鈴木 葵,女性,24,福岡県,2024-11-06,検索広告
243,佐藤 葵,男性,65,埼玉県,2024-04-12,友人紹介
244,高橋 樹,男性,65,大阪府,2024-07-24,友人紹介
245,山本 葵,女性,58,広島県,2024-09-02,SNS広告
246,伊藤 悠真,女性,53,愛知県,2024-11-20,検索広告
247,伊藤 颯太,女性,37,東京都,2024-03-28,検索広告
248,佐々木 悠真,男性,52,愛知県,2024-10-27,SNS広告
249,中村 蓮,男性,37,神奈川県,2023-09-16,検索広告
250,山田 陽菜,男性,19,神奈川県,2024-08-30,オーガニック検索
251,小林 さくら,女性,56,福岡県,2024-05-15,検索広告
252,田中 悠人,女性,52,東京都,2024-05-06,検索広告
253,井上 美咲,女性,38,埼玉県,2023-11-24,検索広告
254,中村 陽菜,男性,23,東京都,2024-10-27,オーガニック検索
255,山口 樹,女性,31,東京都,2024-07-02,SNS広告
256,鈴木 葵,女性,18,愛知県,2024-05-06,SNS広告
257,山口 悠真,女性,49,大阪府,2024-02-15,オーガニック検索
258,山田 芽依,女性,19,愛知県,2023-03-20,オーガニック検索
259,田中 陽斗,男性,41,神奈川県,2024-09-05,SNS広告
260,佐々木 颯太,男性,28,宮城県,2023-08-03,オーガニック検索
261,山田 莉子,回答なし,21,埼玉県,2024-10-02,検索広告
262,松本 樹,女性,41,埼玉県,2024-09-05,オーガニック検索
263,田中 芽依,男性,34,大阪府,2024-06-11,SNS広告
264,松本 美咲,女性,48,愛知県,2023-07-30,友人紹介
265,佐々木 樹,男性,23,兵庫県,2023-07-02,友人紹介
266,渡辺 蓮,男性,29,大阪府,2024-04-15,オーガニック検索
267,渡辺 悠人,女性,18,神奈川県,2024-04-23,メルマガ
268,伊藤 さくら,男性,18,愛知県,2023-04-21,検索広告
269,中村 悠真,女性,60,大阪府,2024-03-16,オーガニック検索
270,松本 葵,女性,63,福岡県,2023-05-16,検索広告
271,山口 悠人,女性,39,神奈川県,2023-10-29,検索広告
272,高橋 悠人,女性,28,愛知県,2024-04-11,SNS広告
273,高橋 凛,男性,34,神奈川県,2023-05-10,オーガニック検索
274,佐藤 大翔,男性,48,大阪府,2023-08-14,オーガニック検索
275,加藤 さくら,男性,32,広島県,2023-12-09,メルマガ
276,渡辺 美咲,男性,41,広島県,2024-04-27,オーガニック検索
277,佐々木 芽依,男性,38,東京都,2024-01-27,友人紹介
278,佐々木 莉子,女性,31,東京都,2023-07-12,メルマガ
279,田中 莉子,女性,32,大阪府,2024-03-07,メルマガ
280,山田 結衣,女性,42,愛知県,2024-05-14,検索広告
281,佐々木 樹,男性,26,広島県,2023-09-28,SNS広告
282,井上 悠真,男性,43,東京都,2024-03-18,オーガニック検索
283,山田 大翔,男性,32,兵庫県,2024-04-05,友人紹介
284,渡辺 さくら,女性,40,大阪府,2024-02-18,検索広告
285,井上 悠真,女性,55,東京都,2024-03-09,SNS広告
286,伊藤 大翔,男性,36,東京都,2023-04-11,SNS広告
287,佐々木 悠人,女性,49,大阪府,2024-07-18,検索広告
288,山本 悠人,男性,18,東京都,2024-02-21,メルマガ
289,松本 湊,女性,32,大阪府,2023-11-23,検索広告
290,佐々木 葵,女性,38,千葉県,2024-11-27,SNS広告
291,加藤 結衣,男性,61,埼玉県,2024-09-30,オーガニック検索
292,田中 美咲,回答なし,18,東京都,2023-04-21,SNS広告
293,田中 樹,男性,37,福岡県,2024-11-16,検索広告
294,井上 樹,女性,55,大阪府,2024-08-20,オーガニック検索
295,佐々木 さくら,女性,29,大阪府,2024-01-20,SNS広告
296,小林 湊,男性,35,大阪府,2024-03-16,友人紹介
297,松本 美咲,男性,42,愛知県,2023-06-08,オーガニック検索
298,佐々木 美咲,女性,40,福岡県,2023-09-22,友人紹介
299,山本 さくら,男性,57,愛知県,2023-09-28,検索広告
300,山口 颯太,女性,43,千葉県,2024-05-06,オーガニック検索
301,佐々木 陽菜,女性,54,東京都,2024-01-10,オーガニック検索
302,中村 樹,男性,34,東京都,2024-05-08,オーガニック検索
303,佐藤 悠人,男性,29,大阪府,2024-06-27,SNS広告
304,山田 莉子,女性,35,神奈川県,2024-08-09,検索広告
305,渡辺 莉子,女性,24,大阪府,2023-01-27,検索広告
306,渡辺 樹,回答なし,44,福岡県,2024-04-11,メルマガ
307,山田 莉子,男性,33,埼玉県,2024-07-30,メルマガ
308,佐々木 凛,男性,30,東京都,2024-10-08,検索広告
309,鈴木 悠人,女性,44,大阪府,2024-07-23,オーガニック検索
310,山口 蓮,回答なし,24,北海道,2023-10-20,オーガニック検索
311,伊藤 陽斗,男性,47,大阪府,2023-12-31,オーガニック検索
312,加藤 結衣,女性,32,千葉県,2024-11-21,SNS広告
313,山口 大翔,女性,52,埼玉県,2023-03-06,メルマガ
314,田中 樹,男性,33,千葉県,2024-07-18,オーガニック検索
315,田中 美咲,男性,46,千葉県,2024-05-20,オーガニック検索
316,井上 芽依,男性,40,神奈川県,2024-05-30,オーガニック検索
317,渡辺 葵,回答なし,47,東京都,2023-11-09,オーガニック検索
318,井上 陽菜,男性,39,神奈川県,2023-11-03,検索広告
319,渡辺 葵,女性,18,広島県,2024-04-18,友人紹介
320,加藤 莉子,女性,50,東京都,2024-08-31,検索広告
321,小林 悠真,男性,37,神奈川県,2023-02-13,メルマガ
322,井上 葵,女性,47,東京都,2024-04-10,メルマガ
323,小林 芽依,女性,46,神奈川県,2024-08-05,オーガニック検索
324,小林 莉子,男性,29,東京都,2023-02-14,オーガニック検索
325,中村 美咲,女性,27,大阪府,2024-05-27,検索広告
326,山本 颯太,男性,46,東京都,2023-02-21,SNS広告
327,中村 凛,女性,34,大阪府,2023-01-18,オーガニック検索
328,中村 颯太,女性,49,東京都,2023-09-18,検索広告
329,佐々木 悠人,女性,36,埼玉県,2023-09-01,検索広告
330,佐藤 颯太,男性,50,東京都,2023-11-06,友人紹介
331,小林 葵,男性,43,大阪府,2024-09-23,SNS広告
332,小林 さくら,女性,41,福岡県,2024-11-27,SNS広告
333,佐々木 大翔,女性,34,東京都,2024-10-11,検索広告
334,吉田 蓮,女性,41,福岡県,2023-08-15,オーガニック検索
335,山本 湊,男性,52,神奈川県,2024-06-22,SNS広告
336,鈴木 莉子,回答なし,37,千葉県,2024-07-15,オーガニック検索
337,渡辺 湊,男性,44,大阪府,2024-11-07,SNS広告
338,伊藤 葵,女性,39,東京都,2023-11-23,検索広告
339,田中 葵,男性,39,埼玉県,2024-02-09,SNS広告
340,山田 芽依,女性,59,宮城県,2024-02-02,検索広告
341,中村 葵,女性,52,大阪府,2024-02-21,メルマガ
342,佐々木 さくら,女性,39,神奈川県,2023-10-21,検索広告
343,高橋 葵,女性,41,兵庫県,2024-03-01,検索広告
344,井上 蓮,女性,30,東京都,2023-05-06,SNS広告
345,中村 蓮,男性,36,福岡県,2023-09-11,検索広告
346,伊藤 大翔,女性,42,東京都,2024-01-26,SNS広告
347,渡辺 陽斗,男性,48,愛知県,2024-03-06,SNS広告
348,山口 湊,男性,47,東京都,2024-06-06,友人紹介
349,山田 颯太,男性,25,東京都,2024-09-10,検索広告
350,高橋 悠人,女性,50,東京都,2023-09-02,オーガニック検索
351,井上 陽菜,男性,37,愛知県,2023-09-11,オーガニック検索
352,高橋 蓮,女性,26,東京都,2024-03-09,検索広告
353,伊藤 芽依,女性,54,千葉県,2024-05-08,オーガニック検索
354,山田 樹,女性,56,福岡県,2023-06-19,メルマガ
355,小林 樹,男性,41,東京都,2024-04-12,オーガニック検索
356,中村 悠真,男性,47,北海道,2024-10-23,友人紹介
357,松本 陽斗,男性,47,東京都,2024-03-08,オーガニック検索
358,佐々木 美咲,男性,55,東京都,2024-09-03,SNS広告
359,井上 葵,女性,47,埼玉県,2023-09-16,友人紹介
360,伊藤 美咲,男性,22,大阪府,2023-10-07,検索広告
361,山口 陽菜,男性,62,東京都,2023-09-20,オーガニック検索
362,田中 大翔,女性,51,東京都,2023-09-19,オーガニック検索
363,佐々木 大翔,回答なし,32,愛知県,2024-01-26,メルマガ
364,小林 さくら,男性,26,東京都,2024-01-21,メルマガ
365,加藤 颯太,女性,44,千葉県,2023-09-06,検索広告
366,鈴木 蓮,女性,35,福岡県,2024-10-06,オーガニック検索
367,松本 芽依,女性,42,東京都,2023-03-04,検索広告
368,伊藤 陽斗,男性,47,千葉県,2024-10-06,オーガニック検索
369,加藤 凛,女性,31,京都府,2024-06-13,オーガニック検索
370,高橋 大翔,女性,25,大阪府,2024-08-15,検索広告
371,松本 凛,男性,43,大阪府,2023-06-29,メルマガ
372,渡辺 樹,男性,32,大阪府,2024-08-24,SNS広告
373,佐々木 美咲,男性,40,千葉県,2024-04-27,SNS広告
374,佐々木 悠真,男性,22,千葉県,2023-12-15,友人紹介
375,小林 蓮,女性,35,大阪府,2024-02-01,オーガニック検索
376,鈴木 樹,女性,47,大阪府,2024-02-06,オーガニック検索
377,伊藤 颯太,男性,45,大阪府,2024-12-12,検索広告
378,加藤 葵,女性,29,神奈川県,2023-10-02,検索広告
379,小林 美咲,男性,24,京都府,2023-09-07,検索広告
380,加藤 樹,回答なし,38,東京都,2023-11-07,SNS広告
381,田中 莉子,男性,45,東京都,2024-09-28,SNS広告
382,小林 陽菜,男性,43,神奈川県,2023-04-28,SNS広告
383,鈴木 葵,男性,32,東京都,2024-06-23,オーガニック検索
384,中村 悠真,男性,42,愛知県,2024-06-20,検索広告
385,鈴木 陽斗,女性,56,東京都,2024-08-09,オーガニック検索
386,吉田 陽斗,女性,40,愛知県,2024-05-03,メルマガ
387,加藤 陽斗,女性,18,千葉県,2024-06-23,検索広告
388,山口 湊,男性,40,東京都,2024-09-16,オーガニック検索
389,中村 悠真,女性,63,東京都,2023-11-02,検索広告
390,高橋 湊,女性,23,千葉県,2023-07-14,SNS広告
391,田中 さくら,男性,38,大阪府,2024-09-20,オーガニック検索
392,山口 樹,女性,35,神奈川県,2024-05-12,検索広告
393,井上 樹,男性,39,東京都,2024-06-13,SNS広告
394,佐藤 凛,女性,40,東京都,2023-03-26,メルマガ
395,吉田 颯太,女性,52,東京都,2024-09-08,検索広告
396,中村 陽斗,女性,39,北海道,2023-09-06,オーガニック検索
397,伊藤 美咲,女性,53,福岡県,2024-09-12,オーガニック検索
398,小林 凛,回答なし,37,東京都,2024-11-21,検索広告
399,松本 陽斗,回答なし,34,東京都,2024-06-29,オーガニック検索
400,田中 悠人,男性,30,兵庫県,2024-02-21,SNS広告
401,山口 さくら,男性,18,大阪府,2023-12-24,検索広告
402,鈴木 芽依,男性,41,埼玉県,2023-09-02,友人紹介
403,山田 葵,男性,63,愛知県,2023-09-27,SNS広告
404,鈴木 凛,女性,43,福岡県,2023-12-18,オーガニック検索
405,佐藤 大翔,女性,46,東京都,2024-10-03,検索広告
406,佐藤 悠真,男性,33,東京都,2023-09-29,検索広告
407,佐々木 颯太,回答なし,35,兵庫県,2024-07-18,オーガニック検索
408,加藤 美咲,女性,50,大阪府,2024-07-12,オーガニック検索
409,山田 陽菜,女性,62,福岡県,2023-07-17,検索広告
410,高橋 さくら,女性,56,東京都,2024-05-06,オーガニック検索
411,松本 大翔,女性,48,福岡県,2024-06-13,SNS広告
412,佐々木 結衣,男性,38,神奈川県,2024-01-04,SNS広告
413,中村 莉子,女性,41,大阪府,2024-09-26,オーガニック検索
414,松本 大翔,男性,29,兵庫県,2024-06-11,オーガニック検索
415,高橋 悠人,男性,21,東京都,2024-04-24,SNS広告
416,伊藤 結衣,女性,24,東京都,2024-04-29,オーガニック検索
417,佐藤 結衣,男性,39,愛知県,2024-09-18,SNS広告
418,高橋 さくら,男性,34,兵庫県,2023-09-21,友人紹介
419,山口 葵,女性,20,東京都,2024-03-06,メルマガ
420,山本 颯太,女性,38,兵庫県,2024-05-16,SNS広告
421,吉田 美咲,男性,34,神奈川県,2024-05-14,SNS広告
422,松本 大翔,女性,24,神奈川県,2023-07-17,友人紹介
423,佐々木 樹,女性,34,神奈川県,2024-06-18,メルマガ
424,山本 莉子,女性,34,広島県,2023-01-17,検索広告
425,渡辺 蓮,女性,31,東京都,2024-05-03,検索広告
426,鈴木 さくら,男性,49,千葉県,2023-03-15,SNS広告
427,山口 陽斗,女性,18,東京都,2024-06-15,メルマガ
428,井上 悠人,男性,18,福岡県,2024-05-15,友人紹介
429,小林 蓮,女性,38,大阪府,2024-08-17,メルマガ
430,中村 結衣,男性,39,東京都,2023-12-10,検索広告
431,山口 陽斗,女性,43,東京都,2024-10-12,メルマガ
432,渡辺 葵,男性,32,神奈川県,2024-07-11,検索広告
433,山本 美咲,男性,27,神奈川県,2023-09-02,SNS広告
434,松本 悠真,女性,38,京都府,2023-12-20,SNS広告
435,山本 大翔,男性,33,千葉県,2023-12-06,SNS広告
436,松本 樹,女性,57,神奈川県,2024-03-14,オーガニック検索
437,高橋 大翔,男性,34,大阪府,2023-08-17,検索広告
438,中村 結衣,男性,37,埼玉県,2024-07-19,検索広告
439,中村 莉子,女性,68,東京都,2023-10-09,メルマガ
440,伊藤 大翔,女性,36,東京都,2023-07-27,検索広告
441,井上 大翔,女性,45,神奈川県,2024-01-08,SNS広告
442,中村 さくら,男性,46,愛知県,2024-07-13,検索広告
443,松本 莉子,男性,47,東京都,2023-09-16,SNS広告
444,田中 莉子,女性,41,千葉県,2024-08-21,検索広告
445,渡辺 結衣,女性,40,東京都,2024-12-02,オーガニック検索
446,中村 結衣,女性,39,大阪府,2024-06-26,SNS広告
447,加藤 凛,男性,31,北海道,2024-03-18,検索広告
448,田中 凛,女性,42,埼玉県,2024-04-29,メルマガ
449,渡辺 湊,女性,62,宮城県,2024-06-29,検索広告
450,加藤 結衣,男性,53,神奈川県,2024-12-01,オーガニック検索
451,伊藤 芽依,女性,42,北海道,2024-05-20,検索広告
452,佐々木 悠真,男性,48,埼玉県,2024-07-22,メルマガ
453,中村 陽斗,女性,28,大阪府,2024-03-05,検索広告
454,井上 凛,女性,35,東京都,2024-06-25,オーガニック検索
455,田中 湊,男性,49,大阪府,2024-01-08,オーガニック検索
456,山口 蓮,女性,56,愛知県,2024-04-28,オーガニック検索
457,中村 美咲,女性,29,埼玉県,2023-10-12,メルマガ
458,鈴木 陽菜,回答なし,32,愛知県,2024-01-30,検索広告
459,山田 颯太,男性,64,神奈川県,2024-04-20,SNS広告
460,田中 芽依,男性,39,大阪府,2024-08-25,メルマガ
461,高橋 悠真,女性,60,大阪府,2024-11-17,メルマガ
462,小林 芽依,女性,40,大阪府,2023-05-19,SNS広告
463,佐々木 颯太,女性,41,東京都,2023-12-14,オーガニック検索
464,伊藤 陽菜,男性,34,愛知県,2024-07-02,オーガニック検索
465,加藤 大翔,男性,49,東京都,2024-09-13,オーガニック検索
466,佐藤 美咲,女性,54,埼玉県,2024-12-11,メルマガ
467,高橋 颯太,回答なし,26,北海道,2024-07-15,メルマガ
468,佐々木 蓮,女性,34,東京都,2024-03-09,SNS広告
469,佐藤 美咲,男性,49,愛知県,2024-08-28,オーガニック検索
470,渡辺 さくら,女性,36,兵庫県,2023-05-15,SNS広告
471,小林 蓮,女性,32,宮城県,2024-09-26,検索広告
472,鈴木 芽依,男性,50,千葉県,2024-07-16,メルマガ
473,井上 莉子,男性,51,愛知県,2023-08-08,オーガニック検索
474,小林 樹,女性,33,福岡県,2024-02-13,検索広告
475,渡辺 陽菜,女性,41,愛知県,2024-11-21,オーガニック検索
476,井上 樹,男性,23,東京都,2024-01-31,検索広告
477,小林 湊,女性,27,東京都,2024-03-10,検索広告
478,吉田 悠真,男性,39,愛知県,2024-07-24,オーガニック検索
479,鈴木 さくら,男性,38,東京都,2024-01-03,オーガニック検索
480,高橋 大翔,女性,26,福岡県,2024-01-26,SNS広告
481,佐藤 陽菜,女性,29,広島県,2024-12-14,検索広告
482,小林 湊,女性,25,福岡県,2023-09-27,オーガニック検索
483,山口 颯太,男性,43,東京都,2024-08-07,検索広告
484,松本 結衣,女性,18,大阪府,2024-06-09,友人紹介
485,加藤 悠人,男性,26,愛知県,2023-12-02,検索広告
486,佐藤 美咲,女性,18,北海道,2024-01-08,メルマガ
487,吉田 芽依,男性,43,東京都,2024-05-17,検索広告
488,吉田 湊,女性,18,東京都,2024-07-17,検索広告
489,加藤 蓮,女性,38,神奈川県,2024-05-19,SNS広告
490,山田 結衣,男性,58,福岡県,2024-01-19,オーガニック検索
491,小林 莉子,男性,58,兵庫県,2024-01-24,友人紹介
492,山田 樹,女性,18,東京都,2024-06-08,SNS広告
493,中村 颯太,女性,42,千葉県,2023-05-24,SNS広告
494,高橋 さくら,回答なし,26,東京都,2024-04-29,検索広告
495,鈴木 さくら,女性,24,東京都,2023-06-09,オーガニック検索
496,松本 樹,女性,37,宮城県,2023-10-15,SNS広告
497,中村 陽菜,女性,53,愛知県,2024-10-30,メルマガ
498,渡辺 莉子,女性,45,愛知県,2023-10-02,SNS広告
499,伊藤 陽斗,男性,29,兵庫県,2024-02-07,オーガニック検索
500,佐藤 陽斗,男性,46,兵庫県,2023-09-14,メルマガ
501,井上 陽斗,女性,18,東京都,2023-11-14,検索広告
502,鈴木 陽菜,男性,29,大阪府,2023-09-16,SNS広告
503,田中 凛,女性,28,東京都,2024-03-02,メルマガ
504,中村 樹,男性,39,神奈川県,2024-01-14,SNS広告
505,渡辺 大翔,女性,36,千葉県,2024-01-04,オーガニック検索
506,佐藤 凛,女性,36,宮城県,2024-05-18,メルマガ
507,渡辺 蓮,男性,36,東京都,2024-10-04,検索広告
508,佐々木 大翔,女性,38,東京都,2023-08-10,メルマガ
509,伊藤 陽菜,女性,44,東京都,2024-04-10,SNS広告
510,山口 悠人,女性,40,福岡県,2023-06-07,オーガニック検索
511,渡辺 陽斗,男性,35,東京都,2023-09-04,SNS広告
512,佐藤 凛,女性,43,埼玉県,2024-06-28,SNS広告
513,鈴木 陽菜,男性,48,福岡県,2023-04-11,検索広告
514,佐々木 悠真,男性,31,千葉県,2024-12-11,検索広告
515,山本 凛,男性,37,神奈川県,2024-10-03,SNS広告
516,井上 結衣,女性,52,福岡県,2024-07-08,SNS広告
517,佐々木 美咲,男性,25,東京都,2023-10-29,オーガニック検索
518,佐藤 悠人,女性,60,東京都,2024-03-07,検索広告
519,伊藤 陽斗,男性,22,千葉県,2024-05-08,検索広告
520,山田 陽斗,男性,34,神奈川県,2024-01-03,検索広告
521,鈴木 陽斗,女性,27,大阪府,2024-10-14,SNS広告
522,井上 蓮,男性,64,北海道,2023-12-14,検索広告
523,高橋 莉子,女性,32,愛知県,2024-04-25,検索広告
524,佐々木 樹,女性,32,大阪府,2024-01-09,オーガニック検索
525,山口 蓮,女性,34,福岡県,2023-11-04,オーガニック検索
526,小林 結衣,男性,39,東京都,2024-08-01,オーガニック検索
527,佐々木 樹,男性,34,東京都,2024-05-19,検索広告
528,松本 颯太,男性,36,福岡県,2023-09-23,メルマガ
529,山田 大翔,女性,18,愛知県,2024-04-30,オーガニック検索
530,山田 湊,男性,39,北海道,2024-11-14,オーガニック検索
531,山本 蓮,男性,38,東京都,2023-12-09,検索広告
532,伊藤 蓮,男性,50,大阪府,2024-07-17,検索広告
533,山口 樹,女性,54,千葉県,2024-02-12,SNS広告
534,田中 莉子,女性,36,千葉県,2024-08-04,検索広告
535,山本 さくら,男性,48,兵庫県,2024-05-04,オーガニック検索
536,小林 芽依,女性,25,東京都,2024-04-22,SNS広告
537,山本 大翔,女性,47,東京都,2023-11-29,検索広告
538,渡辺 悠真,女性,31,愛知県,2024-02-05,検索広告
539,加藤 陽斗,女性,24,兵庫県,2024-12-17,検索広告
540,渡辺 陽菜,女性,36,東京都,2023-06-20,SNS広告
541,井上 陽斗,女性,55,大阪府,2024-10-03,検索広告
542,高橋 悠人,男性,40,東京都,2024-04-26,SNS広告
543,山本 蓮,回答なし,56,東京都,2024-05-07,検索広告
544,山口 結衣,女性,29,広島県,2023-10-14,オーガニック検索
545,中村 美咲,女性,51,東京都,2023-09-27,友人紹介
546,山田 湊,男性,30,北海道,2023-12-15,メルマガ
547,吉田 悠人,女性,41,大阪府,2023-10-18,オーガニック検索
548,渡辺 莉子,回答なし,41,神奈川県,2023-11-11,SNS広告
549,山田 美咲,男性,46,神奈川県,2024-09-05,オーガニック検索
550,田中 大翔,女性,41,京都府,2023-07-05,友人紹介
551,山田 悠真,女性,29,東京都,2024-10-21,SNS広告
552,高橋 結衣,女性,49,愛知県,2023-10-16,検索広告
553,山田 結衣,男性,59,東京都,2023-05-24,オーガニック検索
554,鈴木 蓮,女性,31,東京都,2023-05-24,検索広告
555,山口 芽依,男性,18,大阪府,2023-06-23,オーガニック検索
556,吉田 蓮,男性,44,神奈川県,2023-06-26,検索広告
557,佐藤 莉子,男性,34,兵庫県,2024-05-14,検索広告
558,鈴木 莉子,男性,36,広島県,2024-12-26,オーガニック検索
559,高橋 陽菜,女性,45,兵庫県,2024-01-10,オーガニック検索
560,井上 陽斗,女性,33,神奈川県,2024-03-18,オーガニック検索
561,加藤 莉子,男性,35,東京都,2024-05-01,メルマガ
562,伊藤 結衣,女性,37,兵庫県,2023-11-09,メルマガ
563,伊藤 結衣,女性,56,埼玉県,2024-02-25,SNS広告
564,佐藤 颯太,女性,38,大阪府,2024-01-20,友人紹介
565,田中 樹,女性,23,京都府,2024-04-23,SNS広告
566,山口 凛,男性,24,東京都,2024-02-14,検索広告
567,加藤 凛,女性,40,東京都,2024-10-31,メルマガ
568,渡辺 陽菜,男性,24,愛知県,2023-10-25,SNS広告
569,佐藤 陽菜,回答なし,19,愛知県,2024-04-10,メルマガ
570,渡辺 莉子,女性,46,東京都,2023-12-10,検索広告
571,山本 悠真,男性,46,愛知県,2024-06-17,検索広告
572,鈴木 葵,女性,34,大阪府,2024-08-03,検索広告
573,加藤 凛,女性,42,神奈川県,2024-12-26,オーガニック検索
574,吉田 樹,女性,40,東京都,2023-03-05,メルマガ
575,井上 葵,女性,45,大阪府,2023-09-04,SNS広告
576,渡辺 悠真,女性,45,大阪府,2023-04-05,検索広告
577,伊藤 葵,女性,18,福岡県,2023-12-22,SNS広告
578,山口 美咲,女性,35,東京都,2023-02-21,SNS広告
579,渡辺 陽菜,女性,44,兵庫県,2023-07-27,オーガニック検索
580,吉田 芽依,男性,33,大阪府,2024-05-27,オーガニック検索
581,山田 莉子,女性,38,大阪府,2023-08-03,検索広告
582,松本 大翔,男性,47,東京都,2024-08-21,SNS広告
583,渡辺 さくら,男性,39,北海道,2024-06-14,オーガニック検索
584,加藤 悠人,男性,56,埼玉県,2024-05-22,検索広告
585,高橋 陽菜,男性,52,東京都,2024-04-18,SNS広告
586,佐々木 大翔,男性,37,東京都,2024-04-30,オーガニック検索
587,佐藤 結衣,男性,36,福岡県,2024-10-09,SNS広告
588,山田 蓮,男性,18,東京都,2024-11-23,検索広告
589,田中 颯太,回答なし,34,福岡県,2024-12-16,検索広告
590,中村 大翔,女性,22,埼玉県,2023-10-27,オーガニック検索
591,鈴木 凛,男性,41,兵庫県,2024-04-25,検索広告
592,山田 陽斗,男性,40,東京都,2023-11-14,メルマガ
593,中村 樹,女性,46,愛知県,2023-09-06,SNS広告
594,吉田 美咲,女性,55,千葉県,2023-05-13,SNS広告
595,渡辺 蓮,男性,38,福岡県,2023-03-10,オーガニック検索
596,佐藤 悠人,男性,65,東京都,2023-08-14,SNS広告
597,加藤 蓮,女性,41,東京都,2023-02-12,検索広告
598,山田 颯太,女性,22,福岡県,2024-03-21,検索広告
599,吉田 美咲,女性,31,東京都,2023-12-30,オーガニック検索
600,伊藤 凛,男性,34,愛知県,2024-07-21,SNS広告
601,山田 陽斗,男性,45,宮城県,2024-06-14,メルマガ
602,小林 芽依,男性,27,東京都,2023-06-20,SNS広告
603,田中 蓮,女性,34,愛知県,2023-09-18,SNS広告
604,鈴木 悠人,女性,36,千葉県,2023-09-24,検索広告
605,渡辺 大翔,男性,33,千葉県,2023-08-17,検索広告
606,佐藤 さくら,男性,48,埼玉県,2023-12-13,メルマガ
607,山田 陽斗,女性,46,大阪府,2024-06-13,検索広告
608,佐藤 莉子,女性,52,福岡県,2023-09-22,メルマガ
609,佐藤 陽斗,女性,34,東京都,2023-11-05,検索広告
610,高橋 陽斗,男性,52,神奈川県,2024-11-06,SNS広告
611,渡辺 莉子,男性,22,神奈川県,2023-10-14,検索広告
612,佐藤 結衣,女性,21,大阪府,2024-04-18,オーガニック検索
613,吉田 凛,男性,23,神奈川県,2023-09-12,検索広告
614,高橋 芽依,男性,38,大阪府,2023-12-05,オーガニック検索
615,佐々木 大翔,男性,52,埼玉県,2024-01-06,メルマガ
616,小林 悠人,女性,31,愛知県,2024-05-21,オーガニック検索
617,鈴木 結衣,女性,32,京都府,2023-12-21,検索広告
618,山本 美咲,男性,35,千葉県,2024-01-04,オーガニック検索
619,高橋 美咲,回答なし,45,埼玉県,2024-08-30,SNS広告
620,井上 大翔,回答なし,32,東京都,2024-03-14,検索広告
621,加藤 湊,男性,32,千葉県,2023-12-12,SNS広告
622,佐々木 結衣,女性,22,東京都,2024-03-11,メルマガ
623,渡辺 悠真,女性,31,兵庫県,2024-09-01,SNS広告
624,高橋 悠人,女性,52,神奈川県,2024-02-03,オーガニック検索
625,田中 陽菜,男性,39,東京都,2024-05-03,オーガニック検索
626,山本 陽斗,女性,29,東京都,2024-09-06,SNS広告
627,佐々木 美咲,男性,53,千葉県,2024-03-22,SNS広告
628,山本 颯太,男性,31,広島県,2024-08-08,オーガニック検索
629,松本 葵,回答なし,55,東京都,2024-07-13,SNS広告
630,渡辺 悠人,男性,55,東京都,2024-04-23,検索広告
631,田中 葵,男性,39,神奈川県,2023-11-27,SNS広告
632,中村 莉子,女性,20,福岡県,2023-08-05,メルマガ
633,鈴木 陽菜,回答なし,65,兵庫県,2023-08-05,検索広告
634,吉田 芽依,女性,43,東京都,2024-01-29,検索広告
635,鈴木 颯太,女性,34,愛知県,2024-01-30,検索広告
636,吉田 結衣,回答なし,49,大阪府,2023-05-07,検索広告
637,山本 美咲,男性,46,大阪府,2024-05-07,友人紹介
638,渡辺 結衣,女性,54,埼玉県,2023-12-24,SNS広告
639,加藤 湊,女性,30,大阪府,2023-08-26,オーガニック検索
640,山田 莉子,女性,42,愛知県,2024-09-13,オーガニック検索
641,松本 芽依,男性,24,東京都,2023-11-14,SNS広告
642,伊藤 悠真,男性,46,宮城県,2024-07-02,オーガニック検索
643,佐々木 陽菜,女性,38,神奈川県,2023-11-17,友人紹介
644,山口 凛,男性,41,宮城県,2023-05-05,オーガニック検索
645,井上 芽依,男性,36,神奈川県,2024-05-09,オーガニック検索
646,井上 さくら,男性,35,京都府,2023-11-19,SNS広告
647,佐々木 陽菜,女性,28,兵庫県,2023-10-18,メルマガ
648,伊藤 陽菜,男性,47,北海道,2023-08-02,検索広告
649,山田 さくら,女性,56,宮城県,2024-08-10,オーガニック検索
650,佐々木 颯太,女性,31,大阪府,2023-09-18,SNS広告
651,伊藤 莉子,女性,45,埼玉県,2024-05-16,オーガニック検索
652,山口 蓮,女性,43,東京都,2024-08-01,メルマガ
653,山田 葵,男性,38,京都府,2024-05-10,オーガニック検索
654,中村 陽斗,女性,20,東京都,2024-11-14,検索広告
655,山口 結衣,女性,22,東京都,2024-06-03,オーガニック検索
656,鈴木 大翔,女性,29,大阪府,2024-08-10,友人紹介
657,吉田 湊,女性,18,愛知県,2023-06-27,オーガニック検索
658,佐々木 颯太,男性,55,神奈川県,2024-05-21,メルマガ
659,佐藤 陽斗,女性,42,大阪府,2024-05-31,メルマガ
660,山本 樹,女性,38,広島県,2024-02-04,メルマガ
661,小林 湊,回答なし,18,北海道,2024-06-03,SNS広告
662,田中 凛,女性,18,愛知県,2023-10-28,SNS広告
663,松本 陽菜,男性,38,東京都,2024-07-29,メルマガ
664,吉田 葵,男性,62,埼玉県,2023-08-28,メルマガ
665,伊藤 大翔,男性,30,神奈川県,2024-08-08,検索広告
666,山本 陽菜,男性,48,神奈川県,2023-05-04,検索広告
667,鈴木 颯太,女性,32,東京都,2024-02-28,SNS広告
668,鈴木 悠真,男性,39,京都府,2024-10-16,オーガニック検索
669,山田 莉子,男性,53,神奈川県,2024-02-17,メルマガ
670,井上 大翔,女性,34,兵庫県,2023-04-30,オーガニック検索
671,伊藤 樹,男性,30,神奈川県,2024-05-27,検索広告
672,田中 結衣,女性,55,兵庫県,2024-09-09,SNS広告
673,吉田 美咲,男性,39,千葉県,2023-10-19,メルマガ
674,小林 颯太,男性,51,神奈川県,2024-02-15,SNS広告
675,高橋 葵,女性,30,大阪府,2024-05-07,検索広告
676,吉田 大翔,男性,55,大阪府,2023-03-02,SNS広告
677,田中 さくら,回答なし,41,埼玉県,2023-09-07,メルマガ
678,鈴木 大翔,男性,43,神奈川県,2023-12-19,SNS広告
679,中村 結衣,女性,40,愛知県,2023-07-09,検索広告
680,山田 悠真,男性,32,愛知県,2024-11-27,SNS広告
681,小林 悠人,男性,38,神奈川県,2024-09-09,友人紹介
682,吉田 湊,女性,33,大阪府,2024-05-24,SNS広告
683,田中 葵,男性,50,神奈川県,2024-06-07,SNS広告
684,中村 莉子,男性,36,埼玉県,2024-10-29,検索広告
685,山田 悠真,男性,20,愛知県,2024-01-25,SNS広告
686,小林 美咲,男性,18,福岡県,2024-06-17,メルマガ
687,田中 湊,女性,18,東京都,2024-05-12,オーガニック検索
688,井上 樹,回答なし,45,東京都,2024-05-17,SNS広告
689,鈴木 凛,男性,24,東京都,2024-06-29,メルマガ
690,松本 湊,女性,42,大阪府,2023-07-20,SNS広告
691,山田 湊,女性,40,埼玉県,2023-09-13,メルマガ
692,鈴木 凛,女性,37,神奈川県,2023-12-26,検索広告
693,伊藤 悠人,男性,43,東京都,2024-04-16,SNS広告
694,渡辺 葵,女性,40,兵庫県,2023-08-25,メルマガ
695,井上 さくら,男性,18,埼玉県,2024-04-29,メルマガ
696,小林 颯太,回答なし,34,愛知県,2023-10-10,オーガニック検索
697,伊藤 莉子,男性,43,東京都,2023-12-05,オーガニック検索
698,松本 悠真,女性,58,東京都,2024-10-14,メルマガ
699,鈴木 湊,男性,58,宮城県,2024-01-13,オーガニック検索
700,山口 陽斗,女性,22,神奈川県,2023-10-10,検索広告
701,山口 結衣,男性,34,埼玉県,2024-10-08,SNS広告
702,山本 樹,女性,19,東京都,2023-07-22,オーガニック検索
703,佐藤 さくら,男性,56,神奈川県,2024-06-29,オーガニック検索
704,松本 美咲,女性,50,北海道,2024-07-23,メルマガ
705,井上 結衣,女性,42,神奈川県,2023-07-21,SNS広告
706,山本 莉子,回答なし,40,東京都,2024-12-11,検索広告
707,高橋 結衣,女性,55,東京都,2024-05-29,検索広告
708,伊藤 芽依,男性,53,北海道,2024-11-01,メルマガ
709,高橋 悠真,男性,52,大阪府,2023-04-24,検索広告
710,加藤 凛,女性,43,福岡県,2023-12-17,メルマガ
711,小林 陽斗,女性,34,愛知県,2024-05-28,検索広告
712,渡辺 凛,男性,47,東京都,2024-05-16,SNS広告
713,吉田 大翔,男性,48,福岡県,2024-08-03,メルマガ
714,加藤 芽依,回答なし,36,福岡県,2023-08-09,SNS広告
715,佐藤 美咲,女性,34,埼玉県,2024-11-12,メルマガ
716,山本 樹,男性,52,東京都,2023-12-08,検索広告
717,山口 蓮,女性,58,大阪府,2023-12-14,SNS広告
718,佐々木 湊,男性,29,福岡県,2024-12-26,オーガニック検索
719,山口 湊,男性,35,大阪府,2024-02-12,メルマガ
720,井上 葵,男性,42,愛知県,2024-05-17,検索広告
721,佐藤 樹,女性,44,愛知県,2023-07-27,SNS広告
722,伊藤 大翔,女性,32,福岡県,2024-05-29,オーガニック検索
723,中村 湊,女性,61,宮城県,2024-01-22,友人紹介
724,小林 さくら,女性,43,東京都,2024-10-11,メルマガ
725,佐々木 颯太,女性,44,京都府,2024-08-18,メルマガ
726,山田 葵,男性,59,東京都,2024-01-30,SNS広告
727,山田 大翔,女性,33,神奈川県,2024-04-02,オーガニック検索
728,高橋 陽菜,女性,37,東京都,2024-12-05,メルマガ
729,吉田 悠真,男性,23,東京都,2024-04-12,メルマガ
730,佐々木 陽菜,女性,36,北海道,2023-07-01,メルマガ
731,佐々木 結衣,女性,20,千葉県,2023-08-30,メルマガ
732,加藤 悠人,男性,47,神奈川県,2024-05-17,メルマガ
733,鈴木 陽斗,女性,43,千葉県,2024-02-10,検索広告
734,高橋 莉子,女性,35,東京都,2024-02-24,検索広告
735,山田 さくら,男性,37,福岡県,2024-03-25,友人紹介
736,山口 湊,女性,47,愛知県,2023-03-30,SNS広告
737,山口 樹,女性,24,福岡県,2024-02-27,検索広告
738,山本 芽依,女性,40,神奈川県,2023-11-16,SNS広告
739,加藤 蓮,女性,46,北海道,2023-04-03,オーガニック検索
740,高橋 悠真,男性,18,大阪府,2023-10-05,メルマガ
741,加藤 蓮,女性,46,京都府,2023-08-29,メルマガ
742,田中 さくら,女性,18,宮城県,2024-03-24,検索広告
743,佐々木 陽斗,女性,37,愛知県,2023-12-25,SNS広告
744,佐々木 颯太,回答なし,24,愛知県,2023-07-21,検索広告
745,佐藤 樹,女性,55,東京都,2024-10-15,メルマガ
746,松本 湊,男性,24,千葉県,2024-10-04,検索広告
747,佐々木 陽菜,女性,18,東京都,2024-01-14,オーガニック検索
748,山本 さくら,回答なし,40,北海道,2024-02-06,オーガニック検索
749,中村 芽依,女性,33,兵庫県,2024-03-04,オーガニック検索
750,鈴木 悠人,女性,20,埼玉県,2024-05-11,オーガニック検索
751,松本 悠真,女性,44,大阪府,2023-10-21,オーガニック検索
752,鈴木 大翔,女性,18,大阪府,2024-10-26,オーガニック検索
753,松本 美咲,男性,26,福岡県,2024-08-29,検索広告
754,吉田 陽菜,男性,31,埼玉県,2024-02-19,SNS広告
755,松本 陽菜,男性,48,神奈川県,2024-03-04,SNS広告
756,渡辺 陽斗,女性,54,東京都,2023-12-28,SNS広告
757,松本 悠人,男性,51,愛知県,2023-09-21,オーガニック検索
758,山本 凛,女性,36,埼玉県,2024-09-20,SNS広告
759,渡辺 莉子,回答なし,18,大阪府,2023-03-11,メルマガ
760,渡辺 莉子,男性,43,神奈川県,2023-12-08,検索広告
761,井上 結衣,男性,56,東京都,2024-09-23,オーガニック検索
762,中村 大翔,男性,53,兵庫県,2024-09-10,検索広告
763,中村 葵,男性,44,京都府,2024-03-05,SNS広告
764,吉田 陽斗,男性,24,神奈川県,2024-07-28,SNS広告
765,小林 湊,女性,32,大阪府,2024-06-22,オーガニック検索
766,小林 颯太,男性,61,埼玉県,2024-07-30,検索広告
767,山本 大翔,女性,21,大阪府,2024-04-04,オーガニック検索
768,高橋 悠人,女性,24,神奈川県,2024-06-22,オーガニック検索
769,井上 芽依,男性,49,千葉県,2023-07-19,友人紹介
770,中村 湊,女性,33,宮城県,2024-02-20,オーガニック検索
771,井上 大翔,男性,24,東京都,2024-03-01,オーガニック検索
772,中村 悠人,女性,56,大阪府,2024-03-18,メルマガ
773,加藤 さくら,女性,44,神奈川県,2023-05-11,検索広告
774,小林 莉子,男性,33,北海道,2023-10-22,オーガニック検索
775,井上 葵,女性,24,東京都,2024-02-10,SNS広告
776,鈴木 樹,男性,63,神奈川県,2024-01-10,オーガニック検索
777,小林 悠真,男性,38,大阪府,2023-11-04,検索広告
778,高橋 美咲,男性,55,神奈川県,2023-12-21,SNS広告
779,山口 陽斗,女性,49,大阪府,2023-08-30,オーガニック検索
780,小林 湊,男性,32,兵庫県,2024-04-06,SNS広告
781,松本 陽菜,女性,32,神奈川県,2024-07-15,検索広告
782,伊藤 樹,女性,55,京都府,2024-05-20,SNS広告
783,高橋 陽斗,女性,56,東京都,2023-05-01,メルマガ
784,吉田 大翔,女性,18,神奈川県,2024-11-05,検索広告
785,高橋 悠人,女性,45,東京都,2024-10-31,SNS広告
786,渡辺 悠真,女性,37,宮城県,2024-08-05,友人紹介
787,渡辺 美咲,女性,26,宮城県,2024-06-17,メルマガ
788,田中 颯太,男性,41,東京都,2024-07-25,検索広告
789,高橋 結衣,女性,22,京都府,2023-07-30,SNS広告
790,吉田 陽菜,女性,32,千葉県,2024-08-13,検索広告
791,佐々木 悠人,女性,28,福岡県,2024-07-08,友人紹介
792,山本 颯太,女性,32,千葉県,2024-08-14,SNS広告
793,伊藤 美咲,男性,37,愛知県,2023-11-16,SNS広告
794,高橋 葵,男性,26,東京都,2024-06-13,検索広告
795,吉田 蓮,男性,57,千葉県,2023-07-19,オーガニック検索
796,佐々木 葵,男性,44,神奈川県,2024-09-22,検索広告
797,小林 莉子,女性,60,福岡県,2023-03-14,オーガニック検索
798,山本 颯太,回答なし,36,福岡県,2024-03-29,SNS広告
799,吉田 悠真,女性,31,東京都,2024-10-19,オーガニック検索
800,松本 大翔,女性,59,愛知県,2023-09-13,メルマガ
801,井上 大翔,女性,31,愛知県,2024-10-20,検索広告
802,田中 悠人,女性,36,千葉県,2024-04-06,検索広告
803,中村 美咲,男性,47,東京都,2024-05-06,SNS広告
804,松本 悠人,女性,23,愛知県,2024-09-13,オーガニック検索
805,吉田 陽菜,女性,47,京都府,2023-04-10,検索広告
806,山口 湊,女性,45,神奈川県,2024-04-30,オーガニック検索
807,井上 湊,回答なし,53,千葉県,2023-12-25,SNS広告
808,鈴木 凛,男性,49,東京都,2024-08-01,オーガニック検索
809,加藤 凛,男性,54,福岡県,2023-05-02,オーガニック検索
810,小林 蓮,男性,37,東京都,2023-12-11,検索広告
811,伊藤 陽菜,男性,28,東京都,2024-02-05,検索広告
812,吉田 さくら,女性,63,東京都,2023-08-12,オーガニック検索
813,鈴木 湊,女性,20,京都府,2024-02-12,SNS広告
814,中村 結衣,女性,21,大阪府,2024-02-01,オーガニック検索
815,山本 悠真,女性,45,北海道,2024-04-14,友人紹介
816,山本 芽依,男性,57,東京都,2024-07-27,検索広告
817,加藤 湊,女性,40,大阪府,2024-05-02,SNS広告
818,井上 悠人,女性,50,神奈川県,2024-09-04,SNS広告
819,井上 結衣,男性,18,北海道,2024-07-16,検索広告
820,山田 蓮,女性,32,福岡県,2024-04-25,友人紹介
821,渡辺 樹,女性,18,東京都,2024-04-25,友人紹介
822,井上 美咲,女性,47,千葉県,2024-05-06,SNS広告
823,井上 悠人,男性,19,東京都,2023-11-09,友人紹介
824,山口 湊,女性,23,大阪府,2023-04-04,検索広告
825,山口 大翔,女性,44,大阪府,2024-07-05,友人紹介
826,山口 莉子,女性,51,神奈川県,2024-08-18,メルマガ
827,佐々木 葵,男性,36,愛知県,2024-08-22,検索広告
828,山田 結衣,女性,45,広島県,2023-01-11,オーガニック検索
829,吉田 蓮,女性,44,京都府,2023-10-02,オーガニック検索
830,吉田 颯太,男性,35,神奈川県,2024-01-19,SNS広告
831,山本 美咲,男性,25,埼玉県,2024-01-21,SNS広告
832,松本 結衣,女性,45,兵庫県,2024-10-03,オーガニック検索
833,吉田 莉子,女性,45,北海道,2023-11-29,検索広告
834,加藤 芽依,女性,49,北海道,2023-08-30,検索広告
835,山田 陽斗,男性,42,東京都,2024-08-31,検索広告
836,鈴木 湊,女性,24,京都府,2024-10-24,オーガニック検索
837,松本 陽菜,男性,46,東京都,2024-02-11,SNS広告
838,加藤 美咲,男性,38,東京都,2024-09-14,SNS広告
839,井上 莉子,男性,32,愛知県,2024-08-08,検索広告
840,鈴木 芽依,女性,34,東京都,2023-04-21,検索広告
841,田中 莉子,男性,30,東京都,2023-10-26,オーガニック検索
842,井上 颯太,男性,49,埼玉県,2024-10-20,検索広告
843,山田 莉子,男性,21,東京都,2024-09-09,オーガニック検索
844,吉田 莉子,女性,26,福岡県,2024-02-28,SNS広告
845,山本 悠真,男性,34,東京都,2023-10-05,オーガニック検索
846,小林 凛,男性,57,兵庫県,2023-08-25,SNS広告
847,小林 葵,回答なし,51,埼玉県,2024-08-29,メルマガ
848,田中 湊,男性,18,東京都,2024-01-15,検索広告
849,加藤 悠人,女性,54,東京都,2024-08-23,メルマガ
850,小林 悠真,女性,54,埼玉県,2024-08-22,検索広告
851,渡辺 湊,男性,24,神奈川県,2024-09-28,検索広告
852,渡辺 悠人,男性,18,東京都,2024-03-23,オーガニック検索
853,佐々木 結衣,男性,37,福岡県,2024-05-11,検索広告
854,吉田 葵,女性,51,埼玉県,2024-10-04,SNS広告
855,中村 湊,女性,57,福岡県,2023-10-31,メルマガ
856,加藤 凛,男性,28,東京都,2024-12-03,オーガニック検索
857,田中 悠真,男性,59,東京都,2024-11-13,オーガニック検索
858,中村 さくら,女性,18,愛知県,2023-02-06,友人紹介
859,小林 湊,女性,34,東京都,2023-08-08,SNS広告
860,伊藤 悠真,男性,33,東京都,2024-03-05,検索広告
861,高橋 湊,女性,52,東京都,2024-09-21,メルマガ
862,小林 芽依,女性,54,宮城県,2023-07-20,検索広告
863,井上 悠人,女性,49,大阪府,2024-07-23,検索広告
864,中村 大翔,女性,22,東京都,2023-10-25,検索広告
865,松本 陽菜,女性,48,福岡県,2024-04-24,SNS広告
866,山口 陽菜,男性,44,東京都,2024-02-26,SNS広告
867,山田 湊,男性,18,神奈川県,2023-10-06,SNS広告
868,松本 美咲,男性,18,神奈川県,2024-04-28,オーガニック検索
869,山本 陽菜,男性,50,埼玉県,2024-01-07,オーガニック検索
870,佐々木 莉子,女性,36,兵庫県,2023-08-16,友人紹介
871,高橋 凛,女性,23,京都府,2023-03-05,検索広告
872,渡辺 芽依,女性,36,北海道,2024-05-22,検索広告
873,加藤 樹,女性,42,神奈川県,2024-02-24,オーガニック検索
874,佐藤 凛,男性,37,京都府,2024-04-22,検索広告
875,佐々木 樹,女性,19,北海道,2024-06-09,SNS広告
876,松本 結衣,男性,61,千葉県,2023-06-30,オーガニック検索
877,鈴木 湊,女性,50,東京都,2024-07-15,オーガニック検索
878,井上 悠真,女性,34,神奈川県,2024-02-02,検索広告
879,鈴木 結衣,女性,34,神奈川県,2023-04-07,オーガニック検索
880,高橋 凛,女性,42,神奈川県,2024-03-20,オーガニック検索
881,佐々木 美咲,男性,24,兵庫県,2024-04-08,メルマガ
882,吉田 樹,男性,42,千葉県,2024-01-29,SNS広告
883,松本 悠人,女性,22,広島県,2023-03-03,オーガニック検索
884,山本 葵,男性,37,大阪府,2023-06-25,オーガニック検索
885,加藤 颯太,男性,24,神奈川県,2024-06-26,検索広告
886,高橋 莉子,女性,25,埼玉県,2024-05-28,オーガニック検索
887,山田 陽斗,女性,58,神奈川県,2024-11-01,オーガニック検索
888,井上 芽依,女性,39,京都府,2024-01-31,検索広告
889,加藤 颯太,女性,40,東京都,2023-11-26,SNS広告
890,松本 凛,男性,18,福岡県,2024-07-06,SNS広告
891,山本 莉子,女性,31,愛知県,2023-12-05,オーガニック検索
892,井上 美咲,女性,44,愛知県,2024-09-08,検索広告
893,小林 さくら,男性,40,千葉県,2024-05-17,SNS広告
894,高橋 大翔,女性,18,千葉県,2023-10-24,検索広告
895,渡辺 陽斗,男性,40,大阪府,2023-07-16,オーガニック検索
896,中村 さくら,女性,42,愛知県,2024-07-25,オーガニック検索
897,鈴木 蓮,女性,53,東京都,2023-04-06,SNS広告
898,松本 葵,女性,30,愛知県,2023-03-16,SNS広告
899,田中 大翔,女性,18,神奈川県,2024-09-02,SNS広告
900,吉田 樹,女性,26,愛知県,2023-12-29,SNS広告
901,松本 大翔,男性,25,千葉県,2023-12-22,オーガニック検索
902,山本 葵,男性,47,東京都,2023-08-18,検索広告
903,加藤 大翔,男性,18,大阪府,2024-01-02,オーガニック検索
904,小林 蓮,女性,33,埼玉県,2024-11-10,オーガニック検索
905,佐々木 湊,回答なし,55,千葉県,2023-08-19,メルマガ
906,佐藤 悠真,女性,38,大阪府,2024-12-08,検索広告
907,渡辺 莉子,男性,49,愛知県,2024-06-28,SNS広告
908,加藤 大翔,男性,18,大阪府,2023-12-20,検索広告
909,鈴木 葵,男性,19,東京都,2023-11-16,メルマガ
910,山口 芽依,女性,55,東京都,2023-10-25,オーガニック検索
911,吉田 さくら,男性,39,大阪府,2024-09-23,オーガニック検索
912,佐藤 葵,男性,39,東京都,2023-12-01,オーガニック検索
913,佐藤 結衣,女性,25,東京都,2024-02-02,検索広告
914,高橋 悠人,男性,39,東京都,2023-12-14,オーガニック検索
915,吉田 美咲,女性,24,東京都,2024-06-25,メルマガ
916,小林 湊,女性,52,福岡県,2024-05-12,検索広告
917,中村 颯太,男性,71,東京都,2023-08-17,友人紹介
918,小林 大翔,男性,44,東京都,2023-12-28,メルマガ
919,中村 凛,女性,30,広島県,2023-12-17,友人紹介
920,渡辺 凛,女性,18,福岡県,2024-04-14,メルマガ
921,佐藤 颯太,女性,18,東京都,2024-07-18,検索広告
922,佐藤 結衣,女性,57,兵庫県,2023-06-21,オーガニック検索
923,山田 湊,女性,26,東京都,2024-05-13,検索広告
924,山田 陽斗,女性,34,大阪府,2024-07-11,オーガニック検索
925,田中 大翔,男性,46,北海道,2023-12-26,検索広告
926,田中 蓮,女性,56,神奈川県,2023-08-14,メルマガ
927,山本 陽斗,女性,36,東京都,2024-01-15,検索広告
928,吉田 陽斗,女性,33,大阪府,2024-06-30,検索広告
929,加藤 凛,女性,39,北海道,2024-04-23,検索広告
930,小林 陽菜,女性,30,埼玉県,2024-02-14,オーガニック検索
931,佐藤 莉子,女性,31,大阪府,2023-10-26,検索広告
932,山本 葵,女性,43,北海道,2024-10-11,検索広告
933,佐々木 樹,女性,40,広島県,2023-12-26,検索広告
934,加藤 結衣,男性,64,神奈川県,2023-12-02,SNS広告
935,佐々木 さくら,男性,43,東京都,2024-10-02,友人紹介
936,山田 美咲,女性,52,東京都,2023-10-08,SNS広告
937,松本 美咲,女性,25,神奈川県,2023-09-24,検索広告
938,加藤 莉子,女性,44,東京都,2023-09-24,検索広告
939,加藤 大翔,女性,29,千葉県,2023-01-30,検索広告
940,小林 悠人,男性,43,愛知県,2024-06-10,SNS広告
941,伊藤 葵,男性,46,埼玉県,2024-04-13,検索広告
942,山本 悠真,女性,39,神奈川県,2023-08-04,検索広告
943,高橋 芽依,女性,67,大阪府,2024-06-28,検索広告
944,山本 陽菜,女性,55,東京都,2023-09-14,SNS広告
945,高橋 結衣,女性,52,愛知県,2024-08-30,オーガニック検索
946,中村 さくら,回答なし,47,兵庫県,2023-08-02,検索広告
947,井上 悠真,女性,59,東京都,2024-06-29,オーガニック検索
948,中村 樹,女性,21,愛知県,2023-06-15,オーガニック検索
949,山田 樹,女性,54,福岡県,2024-04-01,メルマガ
950,中村 陽斗,女性,26,千葉県,2024-03-23,検索広告
951,松本 樹,女性,31,福岡県,2023-07-13,オーガニック検索
952,田中 凛,女性,45,東京都,2023-11-08,メルマガ
953,山口 莉子,女性,53,千葉県,2024-04-14,友人紹介
954,山田 颯太,女性,24,東京都,2024-03-10,メルマガ
955,松本 凛,男性,32,北海道,2024-05-28,検索広告
956,高橋 結衣,女性,39,福岡県,2023-10-12,友人紹介
957,松本 湊,女性,36,東京都,2024-03-01,メルマガ
958,松本 悠人,男性,48,福岡県,2024-02-27,検索広告
959,伊藤 蓮,女性,79,愛知県,2024-05-20,検索広告
960,加藤 結衣,回答なし,43,広島県,2024-08-14,友人紹介
961,加藤 悠人,男性,29,福岡県,2023-08-02,検索広告
962,佐藤 陽斗,女性,22,千葉県,2024-06-25,オーガニック検索
963,小林 蓮,女性,34,福岡県,2024-11-26,SNS広告
964,吉田 大翔,男性,27,大阪府,2023-02-12,オーガニック検索
965,田中 颯太,女性,44,千葉県,2023-09-06,検索広告
966,渡辺 さくら,女性,43,愛知県,2023-09-26,オーガニック検索
967,加藤 颯太,男性,32,東京都,2023-10-10,SNS広告
968,松本 陽斗,女性,62,北海道,2024-11-15,メルマガ
969,佐藤 莉子,男性,29,東京都,2023-07-27,検索広告
970,松本 芽依,男性,37,埼玉県,2024-06-05,検索広告
971,山口 樹,男性,46,東京都,2023-10-15,検索広告
972,山口 湊,男性,49,千葉県,2023-12-19,検索広告
973,佐藤 美咲,男性,53,愛知県,2024-02-01,友人紹介
974,加藤 凛,女性,43,愛知県,2024-06-28,検索広告
975,渡辺 樹,回答なし,51,兵庫県,2024-02-20,検索広告
976,松本 陽斗,回答なし,30,福岡県,2024-03-04,メルマガ
977,山田 悠人,男性,49,兵庫県,2024-05-16,検索広告
978,吉田 樹,男性,49,愛知県,2024-07-23,検索広告
979,佐藤 陽菜,男性,56,東京都,2024-09-19,オーガニック検索
980,松本 樹,女性,18,福岡県,2024-07-18,SNS広告
981,中村 葵,男性,27,東京都,2023-12-26,メルマガ
982,高橋 大翔,女性,48,東京都,2024-06-10,オーガニック検索
983,山口 芽依,女性,18,神奈川県,2024-06-08,検索広告
984,松本 湊,女性,44,千葉県,2024-06-04,オーガニック検索
985,中村 さくら,男性,51,大阪府,2023-10-20,メルマガ
986,吉田 悠真,男性,31,北海道,2024-09-11,SNS広告
987,加藤 樹,女性,33,大阪府,2024-02-25,オーガニック検索
988,伊藤 美咲,女性,25,東京都,2024-08-31,SNS広告
989,山田 芽依,女性,32,東京都,2023-09-01,SNS広告
990,井上 大翔,女性,32,神奈川県,2024-05-01,オーガニック検索
991,松本 莉子,女性,30,神奈川県,2024-09-05,検索広告
992,吉田 凛,男性,29,大阪府,2024-10-14,SNS広告
993,渡辺 湊,女性,35,北海道,2024-02-13,検索広告
994,松本 陽斗,女性,35,東京都,2024-09-04,オーガニック検索
995,松本 結衣,女性,60,北海道,2024-08-24,オーガニック検索
996,佐藤 莉子,女性,33,大阪府,2024-11-01,SNS広告
997,渡辺 凛,男性,42,福岡県,2024-03-22,検索広告
998,小林 芽依,女性,31,愛知県,2023-10-30,友人紹介
999,加藤 大翔,女性,31,愛知県,2023-10-01,SNS広告
1000,山田 大翔,男性,18,広島県,2024-01-30,検索広告
1001,小林 蓮,女性,19,東京都,2024-03-23,検索広告
1002,佐藤 湊,男性,24,宮城県,2024-07-16,オーガニック検索
1003,高橋 陽菜,回答なし,40,千葉県,2024-08-05,検索広告
1004,佐々木 莉子,男性,51,東京都,2024-03-29,メルマガ
1005,山田 大翔,回答なし,18,埼玉県,2024-09-03,オーガニック検索
1006,吉田 凛,女性,31,埼玉県,2023-02-19,検索広告
1007,中村 樹,女性,22,神奈川県,2024-06-23,オーガニック検索
1008,伊藤 美咲,女性,35,埼玉県,2024-09-29,検索広告
1009,伊藤 陽菜,女性,51,神奈川県,2023-05-03,検索広告
1010,山田 結衣,女性,33,東京都,2023-08-19,オーガニック検索
1011,小林 悠真,女性,37,兵庫県,2024-03-08,検索広告
1012,高橋 莉子,女性,55,大阪府,2024-08-29,メルマガ
1013,山本 芽依,女性,43,北海道,2023-07-09,オーガニック検索
1014,山口 結衣,男性,29,東京都,2024-08-11,検索広告
1015,加藤 蓮,女性,40,東京都,2023-06-13,友人紹介
1016,山口 美咲,女性,28,宮城県,2024-03-16,SNS広告
1017,小林 悠人,女性,43,宮城県,2023-06-24,検索広告
1018,中村 陽斗,男性,44,東京都,2024-07-22,SNS広告
1019,井上 樹,女性,22,兵庫県,2024-05-10,友人紹介
1020,小林 陽菜,男性,40,京都府,2023-04-27,SNS広告
1021,高橋 樹,女性,37,大阪府,2023-10-19,SNS広告
1022,山本 湊,女性,45,愛知県,2024-04-10,SNS広告
1023,吉田 湊,回答なし,48,大阪府,2023-02-04,検索広告
1024,渡辺 湊,女性,44,大阪府,2023-02-23,検索広告
1025,山本 莉子,女性,34,兵庫県,2024-02-05,オーガニック検索
1026,山口 颯太,女性,49,大阪府,2024-05-26,メルマガ
1027,山本 大翔,女性,28,大阪府,2024-05-03,オーガニック検索
1028,伊藤 蓮,女性,22,京都府,2024-09-11,検索広告
1029,鈴木 陽菜,女性,18,千葉県,2024-02-07,SNS広告
1030,山本 凛,女性,37,東京都,2024-02-11,検索広告
1031,佐々木 莉子,男性,28,東京都,2024-08-13,SNS広告
1032,伊藤 さくら,女性,43,神奈川県,2023-06-16,オーガニック検索
1033,中村 凛,女性,18,東京都,2024-06-17,検索広告
1034,吉田 莉子,男性,30,東京都,2024-06-16,メルマガ
1035,松本 悠人,女性,44,北海道,2024-03-06,SNS広告
1036,山口 颯太,男性,26,東京都,2023-05-06,オーガニック検索
1037,伊藤 颯太,女性,43,福岡県,2023-01-26,メルマガ
1038,高橋 悠真,男性,31,神奈川県,2023-09-20,オーガニック検索
1039,吉田 結衣,男性,38,東京都,2023-11-27,メルマガ
1040,伊藤 芽依,女性,45,神奈川県,2024-02-07,メルマガ
1041,山本 莉子,男性,49,東京都,2023-12-12,オーガニック検索
1042,鈴木 蓮,男性,39,大阪府,2023-09-02,検索広告
1043,佐々木 湊,男性,28,愛知県,2023-09-20,検索広告
1044,高橋 蓮,女性,33,北海道,2023-06-28,メルマガ
1045,山本 悠人,女性,46,千葉県,2023-05-18,検索広告
1046,山本 莉子,女性,26,北海道,2024-04-13,友人紹介
1047,佐藤 さくら,回答なし,36,大阪府,2024-09-04,SNS広告
1048,佐々木 湊,女性,33,福岡県,2023-08-16,オーガニック検索
1049,加藤 陽菜,女性,37,広島県,2024-07-10,SNS広告
1050,小林 美咲,男性,26,東京都,2023-11-12,友人紹介
1051,高橋 美咲,女性,18,大阪府,2024-10-03,検索広告
1052,佐藤 大翔,男性,44,大阪府,2024-06-29,SNS広告
1053,佐藤 颯太,女性,50,兵庫県,2024-04-27,メルマガ
1054,吉田 大翔,男性,18,東京都,2023-06-12,検索広告
1055,山田 颯太,女性,42,埼玉県,2023-06-21,検索広告
1056,佐々木 颯太,女性,51,東京都,2024-01-02,メルマガ
1057,佐々木 結衣,女性,45,北海道,2023-07-11,メルマガ
1058,山本 葵,女性,33,愛知県,2024-07-30,検索広告
1059,佐藤 結衣,女性,27,神奈川県,2023-12-08,オーガニック検索
1060,田中 颯太,女性,39,東京都,2024-06-06,検索広告
1061,佐々木 大翔,男性,41,兵庫県,2024-04-27,検索広告
1062,佐々木 美咲,女性,39,埼玉県,2024-09-25,オーガニック検索
1063,小林 凛,女性,36,福岡県,2023-11-12,検索広告
1064,佐藤 蓮,女性,25,大阪府,2024-02-16,SNS広告
1065,佐々木 芽依,女性,43,兵庫県,2024-04-09,検索広告
1066,山口 颯太,男性,44,大阪府,2023-11-28,メルマガ
1067,田中 葵,女性,40,東京都,2024-02-17,オーガニック検索
1068,佐々木 芽依,男性,39,宮城県,2023-12-15,検索広告
1069,吉田 颯太,男性,58,広島県,2024-04-14,友人紹介
1070,松本 陽斗,男性,31,東京都,2024-03-06,メルマガ
1071,吉田 結衣,男性,53,神奈川県,2024-04-22,検索広告
1072,鈴木 陽菜,女性,29,愛知県,2024-12-06,友人紹介
1073,吉田 陽菜,回答なし,51,東京都,2024-05-28,検索広告
1074,鈴木 莉子,男性,53,東京都,2023-08-17,検索広告
1075,伊藤 さくら,男性,34,埼玉県,2024-01-22,SNS広告
1076,山口 芽依,女性,58,神奈川県,2023-06-11,検索広告
1077,井上 悠人,女性,44,大阪府,2023-11-03,オーガニック検索
1078,中村 樹,男性,27,宮城県,2024-12-07,オーガニック検索
1079,伊藤 美咲,女性,34,埼玉県,2024-05-21,メルマガ
1080,山本 葵,男性,52,東京都,2024-01-21,検索広告
1081,田中 陽菜,女性,49,愛知県,2024-11-21,検索広告
1082,加藤 大翔,女性,25,東京都,2023-05-20,SNS広告
1083,山本 陽菜,女性,36,東京都,2024-01-19,検索広告
1084,佐藤 美咲,女性,40,京都府,2024-10-20,友人紹介
1085,加藤 莉子,女性,32,東京都,2024-09-09,オーガニック検索
1086,吉田 さくら,男性,66,大阪府,2023-08-19,オーガニック検索
1087,吉田 結衣,男性,41,東京都,2023-10-02,オーガニック検索
1088,井上 芽依,男性,37,東京都,2023-12-04,検索広告
1089,山田 颯太,男性,52,東京都,2023-12-25,検索広告
1090,吉田 芽依,男性,34,兵庫県,2024-04-28,SNS広告
1091,田中 美咲,女性,50,神奈川県,2023-08-24,メルマガ
1092,中村 悠真,男性,18,東京都,2023-11-09,SNS広告
1093,山本 美咲,男性,33,千葉県,2024-01-18,検索広告
1094,井上 樹,男性,51,神奈川県,2024-04-27,オーガニック検索
1095,中村 結衣,女性,57,大阪府,2023-12-06,検索広告
1096,山田 蓮,男性,29,福岡県,2023-11-24,SNS広告
1097,小林 美咲,女性,27,千葉県,2024-10-04,検索広告
1098,佐藤 蓮,女性,45,埼玉県,2023-07-23,SNS広告
1099,松本 蓮,男性,31,神奈川県,2023-09-10,SNS広告
1100,吉田 蓮,男性,35,福岡県,2024-04-16,メルマガ
1101,田中 樹,女性,49,埼玉県,2023-07-10,オーガニック検索
1102,佐藤 芽依,女性,31,東京都,2023-12-23,検索広告
1103,松本 湊,男性,18,福岡県,2024-06-10,オーガニック検索
1104,伊藤 結衣,女性,22,福岡県,2024-06-25,オーガニック検索
1105,佐藤 莉子,女性,38,埼玉県,2024-03-19,オーガニック検索
1106,加藤 湊,男性,18,神奈川県,2024-04-05,友人紹介
1107,佐藤 樹,男性,34,大阪府,2023-10-18,メルマガ
1108,田中 凛,女性,21,京都府,2024-01-22,検索広告
1109,松本 莉子,女性,58,埼玉県,2024-06-16,SNS広告
1110,佐藤 悠真,女性,64,神奈川県,2024-06-28,SNS広告
1111,佐々木 芽依,女性,25,東京都,2024-07-07,SNS広告
1112,加藤 莉子,男性,41,神奈川県,2023-05-06,友人紹介
1113,伊藤 葵,男性,26,東京都,2024-03-19,オーガニック検索
1114,伊藤 陽菜,女性,34,大阪府,2024-11-06,SNS広告
1115,中村 美咲,女性,60,東京都,2024-06-10,友人紹介
1116,小林 凛,女性,32,神奈川県,2023-07-07,オーガニック検索
1117,松本 大翔,女性,35,京都府,2024-11-07,検索広告
1118,伊藤 湊,女性,27,神奈川県,2024-04-21,メルマガ
1119,加藤 湊,女性,52,東京都,2024-09-16,SNS広告
1120,吉田 さくら,男性,18,福岡県,2023-09-16,SNS広告
1121,佐藤 莉子,女性,33,東京都,2024-11-02,SNS広告
1122,松本 颯太,男性,37,兵庫県,2024-03-06,友人紹介
1123,井上 美咲,女性,30,宮城県,2024-04-17,検索広告
1124,鈴木 陽斗,男性,48,神奈川県,2023-09-29,SNS広告
1125,伊藤 陽菜,回答なし,52,愛知県,2023-12-29,オーガニック検索
1126,佐々木 凛,女性,21,神奈川県,2024-09-14,メルマガ
1127,佐々木 颯太,女性,63,千葉県,2024-07-11,検索広告
1128,高橋 結衣,男性,21,東京都,2024-03-07,検索広告
1129,松本 湊,女性,53,千葉県,2024-01-30,友人紹介
1130,渡辺 凛,女性,40,東京都,2023-01-06,オーガニック検索
1131,伊藤 さくら,女性,32,大阪府,2023-10-31,SNS広告
1132,渡辺 悠人,男性,33,愛知県,2023-11-16,SNS広告
1133,吉田 蓮,女性,38,埼玉県,2024-01-08,SNS広告
1134,田中 大翔,女性,41,宮城県,2023-12-20,オーガニック検索
1135,小林 さくら,女性,27,埼玉県,2023-11-04,オーガニック検索
1136,鈴木 結衣,男性,35,千葉県,2023-06-17,オーガニック検索
1137,高橋 湊,女性,29,東京都,2024-09-04,検索広告
1138,佐々木 悠人,男性,23,大阪府,2023-12-16,メルマガ
1139,山本 悠人,男性,28,宮城県,2023-08-18,検索広告
1140,佐々木 悠人,女性,24,東京都,2023-12-16,メルマガ
1141,山田 結衣,女性,33,大阪府,2023-10-01,検索広告
1142,井上 結衣,男性,43,東京都,2023-05-21,検索広告
1143,高橋 結衣,男性,39,東京都,2023-05-19,検索広告
1144,松本 さくら,女性,62,愛知県,2023-07-09,検索広告
1145,松本 結衣,女性,18,大阪府,2023-10-25,SNS広告
1146,山本 凛,女性,44,宮城県,2023-12-30,オーガニック検索
1147,高橋 陽斗,女性,38,東京都,2024-08-09,メルマガ
1148,高橋 湊,女性,48,埼玉県,2024-04-25,SNS広告
1149,小林 悠人,女性,47,愛知県,2024-01-07,SNS広告
1150,佐藤 湊,女性,36,埼玉県,2023-12-05,SNS広告
1151,鈴木 凛,男性,40,愛知県,2024-03-19,メルマガ
1152,小林 悠人,男性,29,大阪府,2023-09-11,検索広告
1153,加藤 莉子,男性,45,福岡県,2024-01-13,SNS広告
1154,山口 結衣,男性,18,神奈川県,2024-08-13,検索広告
1155,井上 美咲,男性,47,東京都,2024-05-16,検索広告
1156,伊藤 さくら,女性,38,東京都,2024-02-27,オーガニック検索
1157,渡辺 陽斗,男性,32,東京都,2023-11-20,検索広告
1158,田中 陽菜,女性,35,神奈川県,2024-04-02,検索広告
1159,田中 蓮,女性,36,兵庫県,2024-09-05,メルマガ
1160,中村 美咲,回答なし,54,神奈川県,2024-10-08,検索広告
1161,井上 颯太,男性,77,東京都,2024-07-29,オーガニック検索
1162,松本 美咲,女性,53,千葉県,2023-09-03,SNS広告
1163,松本 凛,男性,31,福岡県,2024-04-27,メルマガ
1164,中村 さくら,女性,46,東京都,2024-01-01,オーガニック検索
1165,吉田 樹,女性,46,大阪府,2024-12-06,検索広告
1166,山田 芽依,女性,27,京都府,2024-03-31,メルマガ
1167,田中 悠真,女性,23,神奈川県,2023-08-28,SNS広告
1168,中村 さくら,男性,37,愛知県,2024-09-09,検索広告
1169,小林 結衣,女性,48,神奈川県,2024-05-04,オーガニック検索
1170,渡辺 颯太,女性,19,東京都,2023-01-27,オーガニック検索
1171,中村 颯太,回答なし,29,神奈川県,2024-05-27,SNS広告
1172,中村 葵,女性,45,東京都,2024-05-10,SNS広告
1173,佐藤 陽菜,女性,39,大阪府,2024-10-13,検索広告
1174,佐々木 悠人,女性,55,京都府,2023-07-17,オーガニック検索
1175,松本 蓮,女性,21,東京都,2024-02-13,友人紹介
1176,佐々木 湊,女性,66,千葉県,2023-10-17,SNS広告
1177,松本 陽菜,男性,20,東京都,2023-06-05,友人紹介
1178,山本 凛,男性,18,東京都,2023-09-18,検索広告
1179,佐藤 陽斗,女性,37,大阪府,2024-08-27,オーガニック検索
1180,伊藤 莉子,女性,24,東京都,2024-02-11,友人紹介
1181,山口 大翔,女性,38,大阪府,2024-10-23,オーガニック検索
1182,高橋 凛,男性,37,東京都,2023-06-07,検索広告
1183,小林 蓮,女性,36,京都府,2024-06-13,SNS広告
1184,佐藤 樹,女性,28,神奈川県,2024-10-31,検索広告
1185,渡辺 陽菜,回答なし,43,神奈川県,2023-09-19,オーガニック検索
1186,鈴木 悠真,男性,34,大阪府,2024-11-08,友人紹介
1187,鈴木 陽菜,女性,51,千葉県,2023-12-08,SNS広告
1188,高橋 大翔,女性,36,東京都,2024-07-19,検索広告
1189,小林 蓮,女性,26,兵庫県,2024-08-05,検索広告
1190,山田 芽依,回答なし,18,神奈川県,2024-04-28,オーガニック検索
1191,伊藤 さくら,女性,36,東京都,2023-05-19,オーガニック検索
1192,山口 芽依,女性,23,神奈川県,2023-11-29,検索広告
1193,山本 美咲,男性,22,千葉県,2024-02-03,オーガニック検索
1194,山田 湊,女性,44,愛知県,2024-06-24,検索広告
1195,小林 結衣,女性,18,京都府,2023-06-24,オーガニック検索
1196,山田 悠人,男性,55,千葉県,2024-08-02,SNS広告
1197,井上 芽依,女性,40,東京都,2024-11-18,検索広告
1198,井上 凛,男性,37,東京都,2024-08-12,オーガニック検索
1199,加藤 大翔,男性,26,東京都,2023-02-12,オーガニック検索
1200,井上 凛,女性,47,大阪府,2024-11-01,SNS広告
1201,山田 凛,男性,38,東京都,2023-10-18,オーガニック検索
1202,伊藤 芽依,男性,30,愛知県,2024-01-07,SNS広告
1203,松本 蓮,男性,40,愛知県,2024-09-22,検索広告
1204,高橋 美咲,男性,18,大阪府,2023-09-27,友人紹介
1205,中村 さくら,女性,18,宮城県,2023-04-14,友人紹介
1206,高橋 さくら,女性,25,東京都,2024-04-11,検索広告
1207,佐々木 大翔,男性,42,広島県,2024-11-28,友人紹介
1208,松本 凛,女性,38,千葉県,2024-02-12,オーガニック検索
1209,山口 悠真,女性,51,埼玉県,2024-04-09,検索広告
1210,鈴木 凛,女性,27,大阪府,2024-04-08,SNS広告
1211,伊藤 蓮,女性,45,広島県,2024-03-26,検索広告
1212,渡辺 蓮,男性,37,東京都,2023-11-15,オーガニック検索
1213,鈴木 陽菜,男性,27,広島県,2024-02-19,友人紹介
1214,小林 悠人,男性,43,東京都,2024-04-03,SNS広告
1215,佐藤 凛,女性,37,福岡県,2023-06-28,SNS広告
1216,加藤 大翔,女性,30,東京都,2024-08-11,検索広告
1217,加藤 さくら,男性,39,東京都,2023-09-12,SNS広告
1218,加藤 湊,女性,36,東京都,2024-06-05,メルマガ
1219,松本 悠真,男性,36,京都府,2023-12-16,検索広告
1220,佐々木 蓮,男性,33,福岡県,2023-04-01,オーガニック検索
1221,伊藤 凛,女性,22,東京都,2024-05-12,SNS広告
1222,加藤 美咲,女性,39,神奈川県,2024-09-22,オーガニック検索
1223,佐々木 樹,男性,28,東京都,2023-12-25,オーガニック検索
1224,山口 凛,女性,26,東京都,2024-05-31,オーガニック検索
1225,吉田 樹,男性,35,大阪府,2023-08-09,SNS広告
1226,鈴木 さくら,男性,47,宮城県,2023-09-23,オーガニック検索
1227,山本 芽依,女性,40,福岡県,2023-09-17,オーガニック検索
1228,山口 莉子,男性,32,福岡県,2023-12-14,オーガニック検索
1229,鈴木 大翔,女性,31,東京都,2023-10-15,オーガニック検索
1230,加藤 結衣,女性,46,千葉県,2024-02-08,メルマガ
1231,小林 結衣,回答なし,18,福岡県,2024-02-16,検索広告
1232,田中 陽菜,男性,48,兵庫県,2024-08-18,検索広告
1233,渡辺 莉子,男性,18,大阪府,2023-10-16,友人紹介
1234,井上 大翔,男性,21,北海道,2024-11-27,検索広告
1235,加藤 大翔,女性,32,宮城県,2023-05-28,メルマガ
1236,井上 颯太,女性,64,大阪府,2024-09-28,オーガニック検索
1237,中村 悠真,女性,58,神奈川県,2023-10-05,メルマガ
1238,山口 陽斗,女性,46,大阪府,2024-01-06,オーガニック検索
1239,加藤 結衣,女性,42,大阪府,2024-05-30,メルマガ
1240,松本 悠真,女性,18,神奈川県,2024-08-08,オーガニック検索
1241,渡辺 陽菜,男性,40,東京都,2024-11-11,SNS広告
1242,山本 莉子,女性,31,神奈川県,2024-05-14,SNS広告
1243,佐藤 蓮,男性,28,兵庫県,2023-08-16,検索広告
1244,田中 大翔,男性,40,神奈川県,2024-10-23,検索広告
1245,高橋 颯太,回答なし,32,宮城県,2024-11-20,友人紹介
1246,高橋 芽依,女性,48,福岡県,2024-06-15,検索広告
1247,伊藤 莉子,男性,18,大阪府,2023-11-14,オーガニック検索
1248,山口 悠人,男性,39,千葉県,2024-02-07,SNS広告
1249,山本 さくら,女性,27,京都府,2023-02-20,SNS広告
1250,山口 さくら,女性,33,神奈川県,2023-09-25,友人紹介
1251,山口 悠人,女性,42,福岡県,2023-11-24,検索広告
1252,井上 蓮,男性,25,兵庫県,2024-04-23,オーガニック検索
1253,小林 大翔,男性,40,東京都,2024-08-28,SNS広告
1254,山口 凛,女性,35,神奈川県,2023-11-20,検索広告
1255,山本 樹,男性,30,東京都,2023-06-04,検索広告
1256,吉田 悠人,女性,32,愛知県,2023-05-21,オーガニック検索
1257,佐々木 蓮,女性,36,愛知県,2024-05-22,検索広告
1258,高橋 大翔,男性,29,千葉県,2024-10-07,メルマガ
1259,佐藤 葵,回答なし,38,福岡県,2023-12-02,オーガニック検索
1260,高橋 美咲,男性,35,埼玉県,2023-08-17,検索広告
1261,山田 悠人,女性,31,大阪府,2023-05-30,検索広告
1262,中村 悠人,女性,57,愛知県,2024-10-14,検索広告
1263,伊藤 颯太,女性,43,千葉県,2023-06-12,オーガニック検索
1264,佐々木 さくら,女性,33,北海道,2023-10-30,SNS広告
1265,佐藤 凛,女性,40,愛知県,2024-02-29,検索広告
1266,高橋 樹,男性,26,愛知県,2023-08-04,SNS広告
1267,中村 結衣,男性,33,東京都,2024-09-05,SNS広告
1268,松本 莉子,女性,34,大阪府,2024-05-19,オーガニック検索
1269,山田 葵,女性,23,埼玉県,2023-10-06,検索広告
1270,吉田 芽依,女性,43,神奈川県,2024-08-28,検索広告
1271,山田 悠真,女性,32,京都府,2024-06-04,SNS広告
1272,伊藤 凛,男性,34,神奈川県,2024-07-21,オーガニック検索
1273,中村 凛,女性,31,愛知県,2024-05-02,オーガニック検索
1274,松本 芽依,男性,74,愛知県,2023-02-23,検索広告
1275,山田 芽依,女性,30,宮城県,2023-08-05,検索広告
1276,加藤 凛,女性,18,神奈川県,2023-12-02,オーガニック検索
1277,鈴木 悠人,回答なし,19,東京都,2024-03-21,検索広告
1278,山田 さくら,女性,47,東京都,2023-07-31,オーガニック検索
1279,渡辺 陽斗,女性,54,愛知県,2024-10-18,SNS広告
1280,山本 芽依,男性,30,北海道,2024-03-21,検索広告
1281,吉田 悠真,女性,53,福岡県,2023-05-16,SNS広告
1282,山本 莉子,女性,47,神奈川県,2024-12-17,検索広告
1283,加藤 葵,女性,36,東京都,2023-12-03,オーガニック検索
1284,佐藤 葵,女性,35,広島県,2024-03-19,検索広告
1285,高橋 湊,女性,40,埼玉県,2024-08-22,SNS広告
1286,小林 陽菜,女性,49,愛知県,2024-02-14,SNS広告
1287,井上 大翔,男性,43,大阪府,2024-10-28,検索広告
1288,佐々木 さくら,男性,30,兵庫県,2024-04-26,オーガニック検索
1289,山本 結衣,女性,36,東京都,2023-09-30,オーガニック検索
1290,井上 樹,女性,62,東京都,2024-06-25,友人紹介
1291,伊藤 さくら,女性,41,福岡県,2024-07-29,検索広告
1292,松本 葵,女性,48,北海道,2023-06-19,検索広告
1293,山本 湊,女性,44,大阪府,2024-12-11,SNS広告
1294,鈴木 芽依,男性,41,愛知県,2024-02-25,メルマガ
1295,佐藤 陽斗,女性,39,千葉県,2024-03-19,SNS広告
1296,井上 芽依,女性,49,大阪府,2023-02-16,SNS広告
1297,吉田 美咲,男性,47,福岡県,2023-12-08,オーガニック検索
1298,高橋 芽依,男性,41,北海道,2024-06-08,検索広告
1299,井上 凛,女性,30,愛知県,2024-05-19,SNS広告
1300,佐藤 樹,女性,43,大阪府,2023-12-11,SNS広告
1301,渡辺 美咲,回答なし,37,東京都,2023-07-17,オーガニック検索
1302,山田 悠人,女性,34,兵庫県,2024-03-28,オーガニック検索
1303,佐藤 悠真,男性,70,埼玉県,2023-05-09,SNS広告
1304,松本 陽斗,男性,20,東京都,2024-09-18,オーガニック検索
1305,吉田 莉子,女性,50,兵庫県,2023-04-20,SNS広告
1306,井上 蓮,女性,28,福岡県,2024-08-30,検索広告
1307,山口 美咲,女性,40,東京都,2023-11-04,メルマガ
1308,山口 悠人,女性,69,大阪府,2024-09-27,オーガニック検索
1309,田中 湊,女性,26,東京都,2023-08-15,友人紹介
1310,田中 莉子,男性,29,北海道,2023-06-14,オーガニック検索
1311,田中 芽依,男性,38,東京都,2024-03-14,検索広告
1312,高橋 芽依,男性,28,兵庫県,2024-07-16,SNS広告
1313,吉田 凛,回答なし,49,東京都,2024-08-31,SNS広告
1314,佐藤 さくら,男性,32,東京都,2023-12-11,検索広告
1315,山本 美咲,女性,46,大阪府,2023-09-18,SNS広告
1316,加藤 美咲,女性,22,神奈川県,2023-07-24,SNS広告
1317,小林 颯太,男性,18,東京都,2023-11-08,検索広告
1318,中村 悠真,男性,35,東京都,2023-03-08,メルマガ
1319,田中 葵,女性,19,大阪府,2023-11-22,検索広告
1320,鈴木 陽菜,男性,56,愛知県,2024-07-10,SNS広告
1321,井上 陽斗,女性,20,大阪府,2024-03-08,オーガニック検索
1322,中村 葵,女性,26,東京都,2024-03-21,オーガニック検索
1323,加藤 美咲,男性,43,埼玉県,2024-03-16,検索広告
1324,加藤 美咲,女性,31,大阪府,2024-04-03,オーガニック検索
1325,渡辺 颯太,女性,20,東京都,2023-06-22,オーガニック検索
1326,山田 陽斗,男性,62,東京都,2024-01-14,メルマガ
1327,山本 陽斗,男性,26,神奈川県,2024-06-20,SNS広告
1328,山本 陽菜,女性,36,神奈川県,2024-01-24,検索広告
1329,佐々木 陽斗,男性,35,東京都,2023-05-31,オーガニック検索
1330,渡辺 大翔,女性,47,福岡県,2024-02-05,検索広告
1331,山田 美咲,男性,44,埼玉県,2024-07-18,オーガニック検索
1332,吉田 美咲,女性,28,愛知県,2024-07-26,オーガニック検索
1333,佐藤 陽菜,回答なし,34,東京都,2024-09-12,オーガニック検索
1334,吉田 葵,男性,35,愛知県,2023-11-12,友人紹介
1335,佐々木 芽依,女性,47,千葉県,2024-03-13,オーガニック検索
1336,伊藤 結衣,女性,24,福岡県,2023-10-28,メルマガ
1337,松本 大翔,女性,62,神奈川県,2024-02-04,オーガニック検索
1338,佐藤 蓮,男性,29,大阪府,2024-11-30,検索広告
1339,高橋 結衣,男性,38,東京都,2024-09-07,オーガニック検索
1340,井上 美咲,男性,24,愛知県,2024-11-08,オーガニック検索
1341,山口 陽斗,男性,22,福岡県,2023-06-09,友人紹介
1342,佐々木 樹,女性,28,愛知県,2023-06-26,検索広告
1343,加藤 葵,男性,26,大阪府,2024-06-24,SNS広告
1344,田中 陽斗,女性,33,兵庫県,2024-07-12,メルマガ
1345,中村 悠真,男性,26,福岡県,2024-08-28,検索広告
1346,加藤 悠真,女性,46,東京都,2024-11-23,オーガニック検索
1347,鈴木 莉子,男性,29,東京都,2024-03-12,SNS広告
1348,加藤 結衣,女性,27,千葉県,2023-10-16,検索広告
1349,鈴木 悠真,女性,33,福岡県,2023-11-15,検索広告
1350,高橋 さくら,女性,50,埼玉県,2024-12-02,メルマガ
1351,高橋 樹,男性,41,神奈川県,2024-08-10,検索広告
1352,田中 悠人,女性,37,千葉県,2024-10-21,オーガニック検索
1353,鈴木 さくら,女性,21,宮城県,2023-03-19,オーガニック検索
1354,井上 悠真,女性,24,東京都,2024-10-01,オーガニック検索
1355,佐々木 さくら,女性,23,東京都,2023-06-21,SNS広告
1356,小林 陽斗,男性,54,北海道,2024-06-06,検索広告
1357,渡辺 美咲,回答なし,44,大阪府,2024-03-24,メルマガ
1358,田中 さくら,男性,28,神奈川県,2023-06-26,検索広告
1359,井上 莉子,男性,31,東京都,2024-05-21,検索広告
1360,佐々木 芽依,女性,28,千葉県,2023-10-09,友人紹介
1361,佐々木 大翔,女性,27,神奈川県,2023-11-11,SNS広告
1362,中村 凛,男性,44,神奈川県,2023-10-10,検索広告
1363,佐藤 葵,男性,35,東京都,2023-08-22,友人紹介
1364,吉田 蓮,女性,63,北海道,2024-07-12,検索広告
1365,中村 樹,男性,53,大阪府,2024-06-07,検索広告
1366,伊藤 蓮,女性,54,東京都,2024-01-25,SNS広告
1367,渡辺 大翔,女性,46,東京都,2023-08-21,オーガニック検索
1368,佐藤 さくら,女性,33,東京都,2023-11-15,メルマガ
1369,山口 大翔,男性,45,神奈川県,2024-09-09,オーガニック検索
1370,高橋 陽斗,男性,34,東京都,2023-12-02,友人紹介
1371,山口 陽菜,女性,58,神奈川県,2024-06-07,検索広告
1372,井上 湊,男性,43,東京都,2024-01-02,オーガニック検索
1373,佐藤 蓮,男性,41,宮城県,2023-07-29,検索広告
1374,加藤 陽菜,女性,40,兵庫県,2023-12-22,メルマガ
1375,鈴木 さくら,男性,59,東京都,2023-07-20,友人紹介
1376,山口 蓮,女性,21,東京都,2024-01-02,SNS広告
1377,小林 芽依,女性,60,千葉県,2024-06-06,メルマガ
1378,佐藤 樹,女性,36,東京都,2024-07-06,オーガニック検索
1379,佐々木 湊,女性,21,大阪府,2024-06-20,検索広告
1380,佐々木 芽依,女性,29,宮城県,2023-05-31,オーガニック検索
1381,松本 凛,女性,18,埼玉県,2023-10-12,友人紹介
1382,中村 凛,女性,46,福岡県,2023-03-22,SNS広告
1383,松本 凛,男性,26,東京都,2024-08-26,検索広告
1384,吉田 美咲,男性,40,東京都,2023-10-03,友人紹介
1385,小林 陽斗,女性,52,愛知県,2024-03-25,SNS広告
1386,渡辺 莉子,女性,30,福岡県,2024-01-27,SNS広告
1387,伊藤 葵,女性,35,神奈川県,2024-04-17,オーガニック検索
1388,加藤 芽依,男性,22,愛知県,2023-12-23,オーガニック検索
1389,山田 樹,男性,33,東京都,2024-06-04,SNS広告
1390,佐藤 陽斗,女性,69,愛知県,2024-03-29,検索広告
1391,山本 凛,男性,47,東京都,2023-11-21,メルマガ
1392,佐藤 大翔,男性,35,愛知県,2023-08-05,SNS広告
1393,山本 悠人,回答なし,31,東京都,2024-02-14,オーガニック検索
1394,佐々木 美咲,女性,37,千葉県,2024-07-28,メルマガ
1395,山田 葵,女性,40,東京都,2023-10-21,検索広告
1396,鈴木 陽斗,男性,33,大阪府,2024-03-24,メルマガ
1397,山田 陽菜,女性,44,大阪府,2023-04-13,オーガニック検索
1398,佐藤 芽依,女性,27,兵庫県,2024-03-06,友人紹介
1399,佐藤 樹,女性,26,福岡県,2023-09-23,検索広告
1400,松本 樹,女性,42,埼玉県,2024-11-26,SNS広告
1401,佐藤 陽菜,男性,24,大阪府,2023-05-06,オーガニック検索
1402,伊藤 結衣,男性,47,北海道,2024-08-15,友人紹介
1403,高橋 颯太,女性,38,広島県,2023-04-19,友人紹介
1404,加藤 莉子,男性,18,愛知県,2024-06-01,SNS広告
1405,小林 結衣,女性,39,神奈川県,2024-05-13,SNS広告
1406,山口 美咲,回答なし,18,埼玉県,2024-03-08,検索広告
1407,井上 颯太,女性,46,大阪府,2024-05-02,オーガニック検索
1408,山田 葵,男性,35,京都府,2023-05-13,メルマガ
1409,中村 颯太,男性,60,京都府,2024-02-22,オーガニック検索
1410,佐藤 悠人,男性,51,千葉県,2023-04-24,SNS広告
1411,松本 湊,男性,25,神奈川県,2023-09-26,友人紹介
1412,小林 大翔,女性,18,福岡県,2023-10-18,検索広告
1413,田中 悠人,男性,29,愛知県,2024-07-11,SNS広告
1414,小林 芽依,男性,23,千葉県,2023-10-25,オーガニック検索
1415,山本 湊,女性,60,愛知県,2023-05-31,SNS広告
1416,渡辺 凛,回答なし,38,愛知県,2023-11-20,オーガニック検索
1417,中村 陽斗,女性,49,大阪府,2024-11-06,オーガニック検索
1418,佐々木 陽菜,女性,35,千葉県,2023-10-06,検索広告
1419,高橋 葵,男性,36,兵庫県,2024-03-22,検索広告
1420,井上 莉子,女性,38,兵庫県,2024-11-16,SNS広告
1421,佐藤 美咲,女性,51,埼玉県,2024-12-22,オーガニック検索
1422,高橋 美咲,女性,42,東京都,2024-08-29,SNS広告
1423,吉田 悠真,男性,25,千葉県,2024-11-29,SNS広告
1424,高橋 陽斗,男性,57,愛知県,2024-03-13,検索広告
1425,佐々木 美咲,女性,34,千葉県,2024-12-02,オーガニック検索
1426,山田 莉子,男性,33,兵庫県,2023-09-14,SNS広告
1427,山本 悠人,男性,18,東京都,2024-10-09,SNS広告
1428,中村 蓮,男性,46,東京都,2023-09-05,SNS広告
1429,井上 颯太,男性,39,兵庫県,2024-11-01,検索広告
1430,佐々木 芽依,回答なし,39,福岡県,2024-04-10,検索広告
1431,吉田 美咲,女性,33,神奈川県,2023-09-04,検索広告
1432,高橋 樹,女性,31,東京都,2023-05-22,オーガニック検索
1433,加藤 悠真,男性,34,神奈川県,2023-09-21,検索広告
1434,佐藤 葵,女性,44,埼玉県,2024-08-19,検索広告
1435,伊藤 莉子,女性,46,千葉県,2023-12-05,友人紹介
1436,山田 芽依,女性,35,東京都,2023-06-23,SNS広告
1437,山本 湊,女性,49,東京都,2024-06-30,SNS広告
1438,井上 蓮,男性,37,愛知県,2024-11-08,SNS広告
1439,井上 湊,女性,32,愛知県,2023-09-13,検索広告
1440,鈴木 蓮,男性,40,愛知県,2024-07-10,検索広告
1441,松本 芽依,男性,22,神奈川県,2023-05-14,メルマガ
1442,山口 莉子,女性,41,神奈川県,2024-01-24,SNS広告
1443,鈴木 大翔,女性,19,神奈川県,2024-02-02,オーガニック検索
1444,山本 樹,女性,26,福岡県,2023-12-15,友人紹介
1445,井上 莉子,女性,18,神奈川県,2023-02-28,検索広告
1446,佐藤 莉子,女性,36,愛知県,2024-07-26,オーガニック検索
1447,佐藤 樹,男性,57,千葉県,2024-04-28,検索広告
1448,小林 芽依,女性,37,兵庫県,2024-06-22,SNS広告
1449,井上 陽斗,女性,46,神奈川県,2023-12-09,メルマガ
1450,伊藤 葵,女性,66,埼玉県,2024-04-03,検索広告
1451,佐々木 大翔,女性,43,兵庫県,2023-12-23,友人紹介
1452,山田 悠人,女性,29,東京都,2024-09-11,オーガニック検索
1453,高橋 美咲,男性,30,愛知県,2024-01-01,SNS広告
1454,伊藤 陽菜,女性,38,神奈川県,2024-10-26,検索広告
1455,加藤 莉子,女性,30,福岡県,2024-04-15,オーガニック検索
1456,中村 蓮,男性,31,大阪府,2023-11-12,SNS広告
1457,田中 陽菜,男性,50,北海道,2024-02-29,検索広告
1458,田中 結衣,男性,50,兵庫県,2023-10-31,SNS広告
1459,小林 葵,女性,18,大阪府,2024-02-27,検索広告
1460,山口 蓮,男性,28,千葉県,2023-11-01,友人紹介
1461,山本 陽斗,女性,32,東京都,2023-12-13,SNS広告
1462,松本 湊,男性,45,東京都,2024-06-05,SNS広告
1463,吉田 莉子,女性,52,愛知県,2024-03-12,オーガニック検索
1464,山本 陽斗,男性,70,埼玉県,2024-04-07,オーガニック検索
1465,山田 陽斗,男性,32,兵庫県,2024-08-09,メルマガ
1466,中村 陽斗,男性,33,東京都,2023-10-29,友人紹介
1467,佐々木 大翔,女性,45,愛知県,2024-02-27,検索広告
1468,井上 颯太,男性,30,東京都,2024-01-02,SNS広告
1469,佐々木 悠人,男性,36,愛知県,2023-04-27,オーガニック検索
1470,高橋 陽菜,女性,33,宮城県,2023-08-27,検索広告
1471,鈴木 陽斗,女性,18,神奈川県,2024-02-29,オーガニック検索
1472,佐々木 陽斗,女性,39,東京都,2024-10-17,検索広告
1473,山口 陽斗,女性,36,愛知県,2023-08-01,メルマガ
1474,加藤 凛,男性,53,東京都,2023-03-19,オーガニック検索
1475,田中 大翔,女性,38,大阪府,2024-03-28,オーガニック検索
1476,松本 颯太,男性,23,東京都,2024-12-10,SNS広告
1477,中村 樹,男性,35,千葉県,2024-07-12,友人紹介
1478,伊藤 颯太,男性,18,愛知県,2023-09-09,オーガニック検索
1479,渡辺 葵,男性,23,北海道,2024-01-01,メルマガ
1480,伊藤 結衣,男性,46,北海道,2023-10-12,メルマガ
1481,伊藤 芽依,女性,35,東京都,2024-05-29,検索広告
1482,渡辺 莉子,女性,49,愛知県,2024-09-01,検索広告
1483,吉田 陽斗,男性,18,福岡県,2024-04-30,検索広告
1484,佐藤 芽依,回答なし,35,東京都,2024-12-23,オーガニック検索
1485,渡辺 湊,女性,32,大阪府,2024-01-13,オーガニック検索
1486,高橋 葵,男性,49,大阪府,2024-08-30,SNS広告
1487,吉田 芽依,回答なし,46,大阪府,2024-03-02,友人紹介
1488,井上 颯太,女性,46,千葉県,2023-11-28,検索広告
1489,佐々木 美咲,男性,56,福岡県,2023-10-27,オーガニック検索
1490,田中 悠人,男性,34,埼玉県,2023-04-03,SNS広告
1491,小林 大翔,女性,54,兵庫県,2023-06-15,SNS広告
1492,佐藤 悠真,女性,25,東京都,2024-07-11,検索広告
1493,山本 陽菜,女性,25,京都府,2024-09-21,オーガニック検索
1494,伊藤 凛,男性,47,福岡県,2023-11-11,オーガニック検索
1495,小林 湊,女性,20,広島県,2023-10-05,SNS広告
1496,山本 湊,男性,45,東京都,2024-03-14,SNS広告
1497,吉田 結衣,男性,39,兵庫県,2023-04-09,オーガニック検索
1498,小林 さくら,男性,51,東京都,2023-05-07,SNS広告
1499,井上 湊,女性,37,大阪府,2024-02-21,オーガニック検索
1500,鈴木 湊,女性,39,神奈川県,2023-11-28,SNS広告
1501,井上 陽斗,女性,44,愛知県,2024-08-02,メルマガ
1502,佐々木 湊,女性,30,神奈川県,2024-05-02,オーガニック検索
1503,山田 芽依,女性,30,北海道,2024-03-11,検索広告
1504,山口 大翔,女性,44,東京都,2024-05-30,オーガニック検索
1505,佐藤 陽斗,女性,38,北海道,2024-04-02,SNS広告
1506,田中 悠人,男性,33,神奈川県,2024-05-25,友人紹介
1507,佐藤 さくら,女性,37,兵庫県,2024-01-30,オーガニック検索
1508,佐々木 芽依,女性,57,大阪府,2023-09-05,検索広告
1509,渡辺 颯太,男性,33,大阪府,2023-06-11,オーガニック検索
1510,渡辺 樹,女性,32,京都府,2024-07-29,検索広告
1511,加藤 さくら,男性,18,神奈川県,2023-11-04,メルマガ
1512,山本 悠人,男性,37,埼玉県,2024-02-12,友人紹介
1513,吉田 樹,女性,46,埼玉県,2024-04-26,オーガニック検索
1514,松本 美咲,男性,48,東京都,2024-05-24,SNS広告
1515,渡辺 蓮,男性,39,愛知県,2024-08-19,オーガニック検索
1516,松本 悠人,男性,49,大阪府,2024-01-16,SNS広告
1517,小林 さくら,女性,47,愛知県,2023-10-20,検索広告
1518,山本 結衣,女性,51,大阪府,2024-05-24,友人紹介
1519,松本 葵,女性,50,東京都,2023-09-29,SNS広告
1520,中村 大翔,男性,57,大阪府,2024-08-02,SNS広告
1521,高橋 悠真,女性,36,東京都,2024-03-06,検索広告
1522,伊藤 芽依,女性,22,兵庫県,2023-10-08,友人紹介
1523,山口 湊,女性,46,東京都,2024-01-03,友人紹介
1524,小林 凛,女性,47,埼玉県,2024-08-23,SNS広告
1525,小林 さくら,女性,57,埼玉県,2023-06-11,検索広告
1526,吉田 悠真,女性,53,東京都,2023-03-26,メルマガ
1527,田中 芽依,男性,61,神奈川県,2023-12-01,SNS広告
1528,鈴木 さくら,女性,45,東京都,2024-03-31,友人紹介
1529,中村 葵,女性,41,千葉県,2024-05-24,メルマガ
1530,松本 美咲,女性,21,広島県,2023-08-27,オーガニック検索
1531,高橋 湊,女性,42,東京都,2023-06-23,検索広告
1532,山田 悠真,男性,31,埼玉県,2023-10-31,オーガニック検索
1533,井上 芽依,女性,41,兵庫県,2023-02-23,友人紹介
1534,鈴木 凛,回答なし,39,埼玉県,2023-08-24,SNS広告
1535,高橋 蓮,回答なし,44,京都府,2024-09-18,メルマガ
1536,山口 凛,男性,37,埼玉県,2024-07-14,SNS広告
1537,鈴木 莉子,男性,49,埼玉県,2024-09-12,友人紹介
1538,山田 結衣,女性,18,東京都,2024-07-15,オーガニック検索
1539,佐々木 颯太,男性,40,東京都,2023-08-18,検索広告
1540,渡辺 大翔,女性,52,愛知県,2024-09-09,SNS広告
1541,伊藤 蓮,男性,60,京都府,2024-03-14,検索広告
1542,小林 莉子,女性,47,東京都,2023-10-23,SNS広告
1543,小林 結衣,女性,58,広島県,2024-07-29,メルマガ
1544,山口 さくら,女性,40,神奈川県,2024-03-13,検索広告
1545,加藤 蓮,男性,38,神奈川県,2023-11-22,友人紹介
1546,井上 凛,男性,44,広島県,2024-03-17,検索広告
1547,田中 陽菜,女性,38,広島県,2024-08-06,オーガニック検索
1548,伊藤 凛,女性,29,千葉県,2024-08-31,友人紹介
1549,田中 芽依,女性,32,東京都,2024-10-24,オーガニック検索
1550,吉田 美咲,男性,25,東京都,2024-09-15,メルマガ
1551,佐藤 莉子,女性,44,東京都,2024-05-26,友人紹介
1552,山口 結衣,女性,38,大阪府,2024-04-08,オーガニック検索
1553,佐々木 悠真,男性,34,神奈川県,2024-02-06,オーガニック検索
1554,井上 凛,男性,31,大阪府,2024-01-05,検索広告
1555,井上 樹,男性,44,東京都,2023-12-26,SNS広告
1556,鈴木 大翔,男性,47,埼玉県,2024-05-28,検索広告
1557,山田 悠人,男性,24,神奈川県,2024-01-18,メルマガ
1558,小林 美咲,女性,23,埼玉県,2024-02-13,オーガニック検索
1559,山田 葵,女性,49,千葉県,2023-10-20,オーガニック検索
1560,山口 蓮,回答なし,21,福岡県,2024-06-13,友人紹介
1561,加藤 樹,女性,45,広島県,2024-09-13,検索広告
1562,佐藤 湊,男性,57,大阪府,2023-05-02,友人紹介
1563,山口 美咲,女性,57,東京都,2024-08-31,検索広告
1564,山本 樹,女性,47,広島県,2024-12-07,SNS広告
1565,中村 美咲,女性,47,兵庫県,2024-05-01,オーガニック検索
1566,加藤 陽斗,男性,65,兵庫県,2024-08-24,SNS広告
1567,松本 莉子,男性,18,埼玉県,2024-07-14,オーガニック検索
1568,小林 颯太,女性,32,東京都,2024-02-03,オーガニック検索
1569,田中 悠真,女性,48,大阪府,2023-09-23,メルマガ
1570,山田 悠人,女性,34,神奈川県,2024-08-24,検索広告
1571,吉田 凛,女性,53,神奈川県,2023-05-03,検索広告
1572,鈴木 美咲,女性,38,神奈川県,2024-08-12,検索広告
1573,小林 悠人,回答なし,40,千葉県,2024-09-26,SNS広告
1574,佐々木 悠真,女性,35,神奈川県,2024-01-15,検索広告
1575,松本 蓮,女性,32,大阪府,2023-08-08,SNS広告
1576,伊藤 大翔,女性,31,愛知県,2024-05-03,メルマガ
1577,小林 大翔,女性,41,埼玉県,2024-05-23,友人紹介
1578,山口 陽菜,女性,29,宮城県,2024-05-06,メルマガ
1579,加藤 莉子,男性,49,福岡県,2023-04-18,検索広告
1580,山本 葵,男性,46,神奈川県,2024-08-25,オーガニック検索
1581,高橋 蓮,男性,51,埼玉県,2023-12-12,検索広告
1582,佐藤 結衣,女性,24,埼玉県,2024-07-25,SNS広告
1583,山田 葵,男性,18,神奈川県,2023-03-14,SNS広告
1584,井上 悠真,男性,38,大阪府,2023-05-15,友人紹介
1585,加藤 悠人,男性,73,北海道,2023-07-19,オーガニック検索
1586,佐々木 颯太,男性,53,兵庫県,2024-09-03,検索広告
1587,吉田 颯太,女性,31,東京都,2024-09-28,オーガニック検索
1588,渡辺 颯太,回答なし,43,福岡県,2023-04-28,友人紹介
1589,小林 さくら,男性,47,愛知県,2024-05-22,検索広告
1590,伊藤 悠真,男性,22,宮城県,2024-10-12,メルマガ
1591,田中 蓮,男性,54,千葉県,2023-03-09,検索広告
1592,加藤 莉子,回答なし,36,神奈川県,2024-08-28,検索広告
1593,吉田 陽菜,女性,37,福岡県,2023-10-09,メルマガ
1594,井上 大翔,男性,38,大阪府,2024-10-17,検索広告
1595,田中 さくら,男性,52,埼玉県,2023-12-12,オーガニック検索
1596,伊藤 莉子,男性,29,神奈川県,2024-03-01,検索広告
1597,高橋 颯太,男性,18,福岡県,2023-11-29,オーガニック検索
1598,井上 莉子,女性,42,大阪府,2023-08-09,オーガニック検索
1599,佐々木 莉子,女性,18,千葉県,2023-09-03,メルマガ
1600,渡辺 葵,女性,34,神奈川県,2024-01-22,メルマガ
1601,井上 大翔,男性,52,神奈川県,2024-05-22,オーガニック検索
1602,山田 葵,男性,45,大阪府,2024-08-18,SNS広告
1603,中村 さくら,男性,51,愛知県,2023-12-04,検索広告
1604,山本 悠人,男性,45,兵庫県,2024-07-27,オーガニック検索
1605,加藤 蓮,男性,67,千葉県,2024-11-18,SNS広告
1606,鈴木 莉子,女性,31,愛知県,2024-05-29,検索広告
1607,高橋 湊,男性,43,埼玉県,2024-04-02,友人紹介
1608,松本 莉子,男性,33,大阪府,2024-06-02,SNS広告
1609,田中 大翔,男性,49,神奈川県,2023-06-29,検索広告
1610,高橋 陽菜,男性,37,兵庫県,2023-08-23,メルマガ
1611,山口 大翔,回答なし,59,神奈川県,2023-12-19,オーガニック検索
1612,井上 結衣,女性,32,大阪府,2023-09-04,オーガニック検索
1613,山口 陽菜,男性,55,兵庫県,2024-06-24,検索広告
1614,鈴木 悠真,女性,45,大阪府,2024-03-27,SNS広告
1615,山口 美咲,女性,38,神奈川県,2024-10-02,オーガニック検索
1616,伊藤 悠人,女性,45,大阪府,2023-11-27,検索広告
1617,佐藤 美咲,女性,41,東京都,2024-06-03,オーガニック検索
1618,松本 結衣,女性,42,宮城県,2024-01-01,検索広告
1619,伊藤 悠真,男性,36,大阪府,2023-08-16,検索広告
1620,吉田 葵,女性,30,京都府,2024-02-23,検索広告
1621,鈴木 大翔,女性,34,北海道,2024-10-14,検索広告
1622,田中 悠人,女性,18,福岡県,2024-07-24,検索広告
1623,松本 美咲,女性,48,埼玉県,2024-02-29,オーガニック検索
1624,加藤 湊,男性,23,広島県,2024-05-23,オーガニック検索
1625,井上 凛,女性,35,大阪府,2024-07-22,検索広告
1626,高橋 悠真,女性,46,広島県,2023-12-23,オーガニック検索
1627,松本 凛,回答なし,48,京都府,2024-02-20,検索広告
1628,山口 美咲,男性,18,福岡県,2024-05-17,SNS広告
1629,松本 芽依,男性,37,愛知県,2024-09-17,メルマガ
1630,佐藤 湊,男性,44,東京都,2024-11-20,オーガニック検索
1631,鈴木 結衣,女性,39,神奈川県,2023-04-06,オーガニック検索
1632,小林 悠人,男性,54,大阪府,2023-10-12,検索広告
1633,鈴木 悠真,女性,28,東京都,2023-09-28,検索広告
1634,鈴木 蓮,女性,18,福岡県,2024-08-23,オーガニック検索
1635,佐々木 莉子,女性,48,東京都,2024-07-25,オーガニック検索
1636,山田 さくら,男性,32,兵庫県,2024-03-18,オーガニック検索
1637,山口 葵,女性,18,埼玉県,2024-06-18,友人紹介
1638,松本 葵,女性,36,兵庫県,2024-05-28,SNS広告
1639,高橋 葵,女性,53,福岡県,2024-08-04,メルマガ
1640,山口 さくら,男性,23,神奈川県,2024-07-20,オーガニック検索
1641,佐藤 悠人,女性,66,大阪府,2024-10-07,検索広告
1642,渡辺 陽斗,女性,28,東京都,2024-07-23,検索広告
1643,伊藤 大翔,女性,39,京都府,2024-06-26,オーガニック検索
1644,田中 陽斗,男性,23,京都府,2024-05-07,検索広告
1645,山田 葵,女性,38,東京都,2024-03-15,オーガニック検索
1646,鈴木 陽斗,男性,36,北海道,2024-03-28,オーガニック検索
1647,佐々木 悠人,女性,20,神奈川県,2024-05-08,SNS広告
1648,山口 颯太,女性,72,東京都,2024-09-20,SNS広告
1649,吉田 悠人,女性,32,京都府,2024-06-27,オーガニック検索
1650,鈴木 結衣,女性,32,東京都,2023-11-01,SNS広告
1651,加藤 美咲,女性,50,福岡県,2023-02-25,メルマガ
1652,吉田 陽菜,女性,60,福岡県,2024-01-22,検索広告
1653,渡辺 美咲,男性,52,広島県,2024-08-28,友人紹介
1654,渡辺 悠真,女性,24,愛知県,2024-09-12,検索広告
1655,中村 悠人,女性,41,東京都,2024-02-17,検索広告
1656,井上 湊,女性,18,京都府,2023-08-29,オーガニック検索
1657,佐藤 さくら,女性,49,大阪府,2023-11-24,検索広告
1658,小林 葵,女性,18,福岡県,2024-08-29,検索広告
1659,渡辺 蓮,女性,28,神奈川県,2024-02-10,検索広告
1660,小林 颯太,女性,38,宮城県,2024-06-06,オーガニック検索
1661,佐藤 大翔,女性,43,福岡県,2024-02-11,オーガニック検索
1662,松本 颯太,男性,35,兵庫県,2023-08-29,検索広告
1663,中村 湊,男性,56,東京都,2024-06-16,SNS広告
1664,井上 悠人,男性,47,大阪府,2023-12-14,検索広告
1665,高橋 悠真,女性,46,北海道,2023-02-10,友人紹介
1666,加藤 凛,男性,23,千葉県,2023-09-27,検索広告
1667,吉田 颯太,女性,58,神奈川県,2024-03-06,オーガニック検索
1668,佐々木 さくら,女性,28,神奈川県,2023-10-17,SNS広告
1669,佐藤 結衣,男性,59,東京都,2024-10-12,オーガニック検索
1670,吉田 颯太,女性,62,東京都,2023-12-08,友人紹介
1671,高橋 湊,女性,44,埼玉県,2024-06-22,SNS広告
1672,山本 悠人,男性,50,東京都,2023-11-18,オーガニック検索
1673,佐藤 美咲,男性,18,埼玉県,2023-11-11,SNS広告
1674,佐藤 さくら,女性,36,愛知県,2023-06-05,オーガニック検索
1675,佐々木 悠真,女性,51,大阪府,2024-07-23,SNS広告
1676,山田 葵,女性,49,大阪府,2023-06-06,検索広告
1677,松本 さくら,回答なし,23,東京都,2024-06-23,検索広告
1678,山田 陽菜,女性,34,北海道,2024-09-11,検索広告
1679,加藤 樹,女性,18,京都府,2024-07-05,友人紹介
1680,鈴木 悠人,女性,43,兵庫県,2024-11-03,オーガニック検索
1681,佐々木 悠人,男性,18,福岡県,2024-09-22,検索広告
1682,田中 颯太,男性,52,福岡県,2024-04-11,SNS広告
1683,鈴木 湊,女性,52,愛知県,2024-05-10,オーガニック検索
1684,山田 陽斗,回答なし,32,広島県,2023-08-28,SNS広告
1685,加藤 陽菜,女性,44,埼玉県,2023-11-06,SNS広告
1686,高橋 さくら,男性,35,大阪府,2024-03-22,オーガニック検索
1687,小林 大翔,女性,41,福岡県,2024-04-11,検索広告
1688,山田 颯太,女性,24,大阪府,2024-06-30,SNS広告
1689,中村 悠真,女性,45,神奈川県,2024-04-13,検索広告
1690,山田 さくら,回答なし,18,神奈川県,2024-08-23,検索広告
1691,小林 樹,男性,18,東京都,2023-05-25,オーガニック検索
1692,渡辺 芽依,男性,37,神奈川県,2023-09-19,オーガニック検索
1693,田中 さくら,女性,35,京都府,2024-03-03,友人紹介
1694,伊藤 芽依,女性,41,大阪府,2023-12-25,検索広告
1695,佐々木 結衣,女性,30,東京都,2024-07-15,オーガニック検索
1696,渡辺 凛,女性,61,大阪府,2023-08-07,友人紹介
1697,山田 凛,女性,40,神奈川県,2024-01-24,オーガニック検索
1698,渡辺 陽菜,男性,41,千葉県,2024-07-05,友人紹介
1699,小林 陽菜,男性,40,神奈川県,2024-09-12,友人紹介
1700,加藤 陽菜,男性,50,千葉県,2024-09-03,メルマガ
1701,中村 さくら,女性,45,大阪府,2023-09-02,友人紹介
1702,山田 湊,女性,43,大阪府,2024-02-03,オーガニック検索
1703,松本 さくら,女性,47,大阪府,2023-10-24,SNS広告
1704,山口 陽斗,女性,18,神奈川県,2023-12-03,メルマガ
1705,松本 陽菜,男性,18,大阪府,2024-04-07,メルマガ
1706,佐藤 陽斗,男性,37,東京都,2024-09-02,検索広告
1707,佐々木 大翔,女性,36,埼玉県,2024-08-09,SNS広告
1708,山田 凛,女性,45,愛知県,2024-09-28,検索広告
1709,山本 悠人,男性,38,大阪府,2024-07-15,メルマガ
1710,渡辺 葵,女性,45,広島県,2024-01-30,検索広告
1711,佐藤 悠人,女性,23,東京都,2024-05-13,SNS広告
1712,山口 莉子,男性,38,兵庫県,2023-12-07,SNS広告
1713,山口 陽菜,男性,22,東京都,2024-11-24,検索広告
1714,鈴木 陽斗,女性,43,千葉県,2024-03-29,友人紹介
1715,加藤 陽菜,男性,18,京都府,2024-08-17,SNS広告
1716,小林 美咲,男性,42,大阪府,2024-09-30,検索広告
1717,高橋 湊,女性,20,兵庫県,2024-08-09,検索広告
1718,小林 結衣,女性,33,京都府,2023-09-06,オーガニック検索
1719,佐々木 莉子,男性,49,東京都,2023-12-17,オーガニック検索
1720,渡辺 悠真,男性,41,福岡県,2024-02-06,SNS広告
1721,山田 蓮,女性,18,福岡県,2023-07-22,SNS広告
1722,井上 莉子,女性,30,神奈川県,2024-01-01,メルマガ
1723,中村 陽菜,男性,20,北海道,2024-07-16,オーガニック検索
1724,鈴木 莉子,女性,18,東京都,2024-05-24,オーガニック検索
1725,伊藤 大翔,女性,39,京都府,2023-07-26,SNS広告
1726,高橋 陽斗,女性,45,福岡県,2023-10-29,友人紹介
1727,渡辺 悠人,女性,43,京都府,2024-09-23,オーガニック検索
1728,吉田 芽依,男性,45,神奈川県,2023-09-06,SNS広告
1729,田中 悠人,男性,38,宮城県,2024-09-22,友人紹介
1730,小林 蓮,女性,35,千葉県,2024-04-21,メルマガ
1731,井上 莉子,男性,25,神奈川県,2024-02-29,オーガニック検索
1732,伊藤 大翔,女性,33,東京都,2023-10-12,オーガニック検索
1733,松本 蓮,女性,22,東京都,2024-01-07,SNS広告
1734,伊藤 凛,女性,28,東京都,2023-11-05,SNS広告
1735,加藤 凛,男性,39,東京都,2024-09-14,検索広告
1736,高橋 葵,男性,37,大阪府,2024-09-24,オーガニック検索
1737,伊藤 蓮,男性,75,神奈川県,2023-12-12,SNS広告
1738,山口 凛,女性,22,埼玉県,2024-10-18,SNS広告
1739,加藤 結衣,女性,36,愛知県,2024-06-26,友人紹介
1740,加藤 陽菜,女性,21,福岡県,2023-03-11,検索広告
1741,小林 湊,回答なし,33,大阪府,2024-01-13,メルマガ
1742,田中 蓮,女性,34,愛知県,2024-09-21,検索広告
1743,松本 悠人,男性,48,大阪府,2024-01-20,検索広告
1744,山本 陽斗,男性,33,大阪府,2023-04-16,検索広告
1745,佐藤 芽依,女性,36,大阪府,2024-08-18,SNS広告
1746,松本 蓮,女性,33,埼玉県,2024-01-13,SNS広告
1747,佐藤 湊,女性,21,千葉県,2024-01-11,SNS広告
1748,松本 陽斗,男性,30,埼玉県,2023-07-24,オーガニック検索
1749,伊藤 樹,回答なし,33,神奈川県,2024-06-30,SNS広告
1750,鈴木 葵,女性,39,東京都,2023-11-20,検索広告
1751,田中 陽斗,回答なし,45,神奈川県,2023-12-10,SNS広告
1752,吉田 葵,女性,35,神奈川県,2024-12-18,検索広告
1753,小林 悠人,女性,35,愛知県,2023-11-23,検索広告
1754,高橋 蓮,男性,18,埼玉県,2024-03-04,検索広告
1755,伊藤 颯太,男性,44,東京都,2024-06-09,オーガニック検索
1756,田中 陽菜,女性,30,神奈川県,2024-11-06,オーガニック検索
1757,吉田 芽依,男性,47,神奈川県,2023-07-06,メルマガ
1758,山口 悠真,男性,54,大阪府,2023-12-30,オーガニック検索
1759,伊藤 陽菜,男性,36,神奈川県,2023-04-20,SNS広告
1760,松本 陽斗,男性,26,北海道,2023-12-21,SNS広告
1761,山本 悠人,女性,38,東京都,2023-12-25,検索広告
1762,鈴木 芽依,女性,42,埼玉県,2024-04-17,オーガニック検索
1763,渡辺 湊,男性,34,東京都,2024-06-20,検索広告
1764,山口 陽菜,女性,31,埼玉県,2024-02-01,検索広告
1765,佐々木 大翔,女性,45,千葉県,2024-08-28,友人紹介
1766,山田 陽菜,女性,44,福岡県,2023-11-20,検索広告
1767,山本 陽菜,女性,34,愛知県,2023-04-22,検索広告
1768,佐々木 結衣,女性,18,北海道,2023-10-07,友人紹介
1769,山田 樹,女性,43,神奈川県,2024-02-07,SNS広告
1770,佐々木 さくら,女性,29,大阪府,2023-10-05,SNS広告
1771,小林 樹,女性,41,東京都,2024-01-29,検索広告
1772,小林 大翔,男性,40,福岡県,2023-11-18,SNS広告
1773,井上 樹,男性,18,千葉県,2024-10-05,友人紹介
1774,井上 大翔,女性,39,東京都,2024-02-11,オーガニック検索
1775,小林 湊,女性,44,東京都,2024-05-11,SNS広告
1776,田中 芽依,女性,46,広島県,2024-08-27,SNS広告
1777,山本 結衣,男性,39,福岡県,2023-06-30,SNS広告
1778,小林 陽斗,男性,18,兵庫県,2024-02-07,オーガニック検索
1779,吉田 葵,男性,53,神奈川県,2024-03-10,検索広告
1780,渡辺 美咲,男性,43,大阪府,2024-02-05,検索広告
1781,佐藤 葵,女性,24,東京都,2024-06-29,オーガニック検索
1782,山口 結衣,女性,29,神奈川県,2023-05-15,メルマガ
1783,井上 湊,女性,41,大阪府,2023-10-07,メルマガ
1784,鈴木 凛,女性,46,福岡県,2024-05-20,メルマガ
1785,渡辺 莉子,女性,32,埼玉県,2023-07-18,SNS広告
1786,山本 大翔,男性,48,埼玉県,2024-09-06,オーガニック検索
1787,佐々木 悠人,女性,18,東京都,2024-09-22,友人紹介
1788,佐々木 美咲,男性,25,神奈川県,2023-12-21,検索広告
1789,渡辺 陽斗,女性,18,宮城県,2024-03-26,SNS広告
1790,伊藤 さくら,女性,27,兵庫県,2023-12-28,検索広告
1791,山本 颯太,男性,56,北海道,2024-01-27,友人紹介
1792,田中 結衣,女性,63,大阪府,2023-06-26,友人紹介
1793,山本 樹,女性,41,東京都,2024-04-27,メルマガ
1794,伊藤 芽依,女性,30,埼玉県,2023-08-02,検索広告
1795,佐藤 蓮,男性,35,東京都,2024-07-11,友人紹介
1796,山田 湊,女性,44,神奈川県,2024-01-11,検索広告
1797,佐々木 結衣,男性,19,千葉県,2024-05-28,検索広告
1798,伊藤 さくら,回答なし,31,愛知県,2023-05-12,オーガニック検索
1799,山本 芽依,男性,55,福岡県,2023-10-28,オーガニック検索
1800,山本 陽菜,女性,25,神奈川県,2024-03-11,メルマガ
1801,佐藤 さくら,男性,29,愛知県,2024-03-19,SNS広告
1802,小林 悠真,女性,38,広島県,2024-01-20,SNS広告
1803,中村 悠人,男性,41,東京都,2024-08-28,SNS広告
1804,井上 陽菜,女性,30,兵庫県,2023-12-18,検索広告
1805,渡辺 大翔,女性,39,福岡県,2024-04-02,メルマガ
1806,佐々木 颯太,女性,45,兵庫県,2023-08-26,SNS広告
1807,山本 さくら,男性,62,千葉県,2024-05-17,検索広告
1808,高橋 蓮,男性,36,大阪府,2024-06-21,SNS広告
1809,渡辺 結衣,女性,38,埼玉県,2024-05-02,オーガニック検索
1810,松本 悠真,女性,56,愛知県,2024-05-08,メルマガ
1811,伊藤 陽菜,男性,31,福岡県,2024-07-21,検索広告
1812,山口 さくら,男性,22,東京都,2024-03-31,検索広告
1813,吉田 美咲,男性,41,大阪府,2024-08-10,友人紹介
1814,山田 颯太,女性,51,埼玉県,2023-12-08,オーガニック検索
1815,佐々木 湊,男性,42,東京都,2023-07-27,SNS広告
1816,小林 美咲,男性,37,愛知県,2024-03-16,検索広告
1817,加藤 樹,女性,21,大阪府,2024-10-30,友人紹介
1818,鈴木 颯太,女性,37,千葉県,2023-06-27,オーガニック検索
1819,山田 湊,女性,53,兵庫県,2024-11-24,検索広告
1820,山田 美咲,女性,23,神奈川県,2023-10-11,検索広告
1821,鈴木 美咲,男性,35,広島県,2024-02-10,検索広告
1822,小林 美咲,女性,33,愛知県,2023-11-21,検索広告
1823,小林 陽斗,女性,30,京都府,2024-07-19,検索広告
1824,伊藤 悠真,女性,41,東京都,2024-07-03,検索広告
1825,鈴木 芽依,男性,43,埼玉県,2024-01-28,検索広告
1826,佐藤 陽菜,男性,43,広島県,2024-09-12,SNS広告
1827,田中 湊,女性,26,宮城県,2024-10-26,SNS広告
1828,田中 湊,男性,18,神奈川県,2024-06-16,SNS広告
1829,田中 陽斗,女性,41,大阪府,2024-01-29,メルマガ
1830,加藤 陽菜,男性,32,大阪府,2024-04-15,検索広告
1831,山本 大翔,男性,60,兵庫県,2023-12-20,メルマガ
1832,鈴木 湊,女性,61,大阪府,2023-10-25,メルマガ
1833,鈴木 陽斗,回答なし,62,福岡県,2023-08-15,友人紹介
1834,吉田 湊,女性,27,埼玉県,2023-11-28,検索広告
1835,松本 美咲,男性,45,愛知県,2023-10-30,検索広告
1836,山口 結衣,女性,48,兵庫県,2024-07-04,オーガニック検索
1837,佐々木 悠人,男性,47,大阪府,2024-07-13,検索広告
1838,渡辺 さくら,女性,34,東京都,2024-01-11,検索広告
1839,山田 陽菜,女性,53,神奈川県,2023-08-27,検索広告
1840,鈴木 颯太,女性,38,千葉県,2024-01-06,オーガニック検索
1841,高橋 結衣,回答なし,40,大阪府,2024-12-20,メルマガ
1842,高橋 莉子,女性,20,千葉県,2023-10-06,検索広告
1843,高橋 颯太,男性,46,大阪府,2024-07-24,友人紹介
1844,渡辺 芽依,女性,35,兵庫県,2024-01-23,オーガニック検索
1845,佐藤 蓮,男性,44,東京都,2024-08-31,検索広告
1846,山口 葵,女性,41,愛知県,2023-05-16,SNS広告
1847,山田 颯太,男性,40,千葉県,2023-12-18,検索広告
1848,吉田 葵,回答なし,37,東京都,2024-06-29,メルマガ
1849,高橋 颯太,女性,47,埼玉県,2023-08-09,オーガニック検索
1850,山口 結衣,女性,36,千葉県,2024-02-23,オーガニック検索
1851,佐藤 結衣,男性,21,京都府,2023-06-26,オーガニック検索
1852,井上 莉子,女性,45,埼玉県,2023-06-01,検索広告
1853,山田 颯太,女性,28,東京都,2024-05-23,友人紹介
1854,田中 大翔,女性,22,埼玉県,2024-06-02,友人紹介
1855,田中 陽斗,男性,26,兵庫県,2024-02-27,オーガニック検索
1856,山田 陽斗,男性,41,千葉県,2024-04-25,SNS広告
1857,佐々木 蓮,男性,37,神奈川県,2024-08-27,検索広告
1858,中村 葵,男性,18,広島県,2024-04-17,検索広告
1859,佐藤 莉子,女性,33,東京都,2024-03-26,検索広告
1860,中村 湊,女性,52,神奈川県,2023-07-28,オーガニック検索
1861,中村 葵,女性,33,埼玉県,2024-03-15,オーガニック検索
1862,渡辺 莉子,女性,36,大阪府,2023-05-20,友人紹介
1863,松本 悠人,女性,51,京都府,2023-10-15,検索広告
1864,渡辺 葵,男性,48,宮城県,2023-09-14,検索広告
1865,田中 大翔,女性,50,大阪府,2023-05-28,検索広告
1866,吉田 颯太,女性,18,大阪府,2024-03-13,友人紹介
1867,加藤 樹,女性,59,広島県,2024-04-14,オーガニック検索
1868,加藤 颯太,女性,46,広島県,2023-06-02,SNS広告
1869,小林 美咲,女性,68,大阪府,2023-11-20,オーガニック検索
1870,渡辺 さくら,女性,29,東京都,2024-02-20,オーガニック検索
1871,伊藤 颯太,女性,18,東京都,2023-09-03,検索広告
1872,鈴木 樹,女性,38,福岡県,2024-07-24,検索広告
1873,高橋 湊,男性,35,愛知県,2024-09-23,検索広告
1874,加藤 湊,男性,46,千葉県,2024-01-16,検索広告
1875,山本 葵,男性,51,広島県,2024-03-17,オーガニック検索
1876,山田 湊,男性,37,兵庫県,2024-02-10,SNS広告
1877,佐々木 樹,男性,35,大阪府,2023-10-16,オーガニック検索
1878,小林 颯太,女性,44,兵庫県,2023-07-10,オーガニック検索
1879,鈴木 さくら,男性,35,東京都,2023-04-02,SNS広告
1880,佐藤 凛,女性,34,大阪府,2024-08-25,友人紹介
1881,田中 颯太,女性,50,福岡県,2024-03-03,SNS広告
1882,伊藤 凛,女性,53,宮城県,2024-11-20,オーガニック検索
1883,鈴木 悠真,女性,51,東京都,2023-11-12,検索広告
1884,佐々木 結衣,男性,36,大阪府,2023-08-30,オーガニック検索
1885,渡辺 葵,女性,18,千葉県,2024-04-08,SNS広告
1886,山田 美咲,男性,36,東京都,2023-07-29,検索広告
1887,田中 大翔,男性,29,東京都,2024-08-22,検索広告
1888,佐藤 蓮,女性,36,神奈川県,2024-04-15,オーガニック検索
1889,高橋 葵,女性,30,神奈川県,2023-07-07,オーガニック検索
1890,中村 悠人,女性,38,兵庫県,2023-07-02,オーガニック検索
1891,中村 結衣,女性,26,愛知県,2023-11-19,SNS広告
1892,山本 結衣,回答なし,23,大阪府,2023-12-01,オーガニック検索
1893,井上 凛,男性,53,北海道,2023-06-03,オーガニック検索
1894,吉田 凛,男性,26,神奈川県,2024-12-16,検索広告
1895,山田 芽依,女性,38,神奈川県,2023-07-03,SNS広告
1896,鈴木 大翔,男性,49,兵庫県,2024-02-25,SNS広告
1897,中村 凛,男性,49,福岡県,2023-11-24,メルマガ
1898,加藤 葵,女性,48,神奈川県,2023-06-10,SNS広告
1899,加藤 大翔,女性,42,福岡県,2023-04-18,SNS広告
1900,井上 悠真,女性,47,北海道,2024-09-19,友人紹介
1901,中村 葵,女性,54,神奈川県,2023-11-24,メルマガ
1902,渡辺 颯太,男性,43,大阪府,2023-08-23,検索広告
1903,井上 さくら,男性,18,神奈川県,2024-02-21,メルマガ
1904,渡辺 結衣,女性,32,広島県,2024-08-26,検索広告
1905,加藤 湊,男性,46,東京都,2023-09-08,メルマガ
1906,佐藤 葵,女性,30,大阪府,2024-01-16,検索広告
1907,高橋 陽斗,女性,57,東京都,2024-06-23,SNS広告
1908,佐藤 蓮,男性,37,東京都,2024-04-02,友人紹介
1909,山本 凛,男性,39,埼玉県,2024-02-18,検索広告
1910,松本 悠真,男性,51,福岡県,2024-09-18,メルマガ
1911,鈴木 悠真,女性,36,愛知県,2023-05-03,SNS広告
1912,井上 悠人,回答なし,40,愛知県,2023-08-26,検索広告
1913,山口 莉子,男性,49,北海道,2024-11-08,友人紹介
1914,佐藤 凛,男性,20,宮城県,2024-07-30,SNS広告
1915,佐藤 さくら,女性,35,宮城県,2023-12-17,メルマガ
1916,松本 さくら,女性,48,京都府,2024-02-20,メルマガ
1917,加藤 結衣,男性,39,東京都,2024-06-02,検索広告
1918,高橋 湊,男性,56,神奈川県,2024-10-15,検索広告
1919,井上 凛,男性,19,愛知県,2024-04-01,SNS広告
1920,小林 湊,女性,18,愛知県,2023-12-18,SNS広告
1921,吉田 悠真,男性,47,神奈川県,2023-07-30,検索広告
1922,吉田 陽斗,女性,48,北海道,2024-10-12,SNS広告
1923,田中 悠人,女性,36,埼玉県,2024-05-27,メルマガ
1924,渡辺 陽菜,女性,43,大阪府,2024-10-27,検索広告
1925,高橋 陽斗,女性,47,東京都,2023-07-26,オーガニック検索
1926,小林 陽斗,男性,28,大阪府,2024-03-18,SNS広告
1927,井上 悠真,女性,30,北海道,2024-07-11,検索広告
1928,吉田 湊,女性,40,広島県,2024-10-06,検索広告
1929,山田 蓮,男性,49,福岡県,2024-08-09,検索広告
1930,田中 悠真,男性,24,北海道,2024-03-30,オーガニック検索
1931,小林 大翔,女性,36,埼玉県,2024-11-14,検索広告
1932,井上 芽依,女性,35,神奈川県,2024-04-18,メルマガ
1933,鈴木 蓮,男性,43,兵庫県,2024-09-04,メルマガ
1934,田中 悠真,女性,38,千葉県,2024-10-06,検索広告
1935,山田 湊,女性,31,愛知県,2024-03-25,メルマガ
1936,佐藤 悠人,女性,53,東京都,2024-08-07,友人紹介
1937,田中 陽斗,女性,32,東京都,2024-04-22,検索広告
1938,井上 芽依,男性,34,大阪府,2024-07-14,友人紹介
1939,佐藤 葵,女性,19,愛知県,2023-04-21,検索広告
1940,山本 葵,女性,29,京都府,2024-12-19,オーガニック検索
1941,渡辺 樹,女性,44,兵庫県,2023-07-02,検索広告
1942,山本 悠真,女性,42,愛知県,2024-01-27,メルマガ
1943,伊藤 陽菜,女性,45,千葉県,2024-12-07,メルマガ
1944,伊藤 さくら,男性,45,広島県,2023-11-08,友人紹介
1945,佐々木 蓮,女性,63,京都府,2024-10-20,友人紹介
1946,佐藤 大翔,女性,29,兵庫県,2024-01-20,検索広告
1947,高橋 悠人,女性,19,福岡県,2023-11-13,オーガニック検索
1948,伊藤 颯太,男性,25,神奈川県,2024-05-14,検索広告
1949,山口 美咲,女性,30,大阪府,2024-03-16,検索広告
1950,山本 結衣,男性,26,大阪府,2024-02-05,検索広告
1951,佐藤 葵,男性,39,東京都,2024-04-14,友人紹介
1952,小林 大翔,女性,53,愛知県,2024-07-25,オーガニック検索
1953,吉田 美咲,男性,56,神奈川県,2024-04-20,検索広告
1954,中村 莉子,女性,44,埼玉県,2023-09-25,友人紹介
1955,鈴木 悠真,回答なし,64,東京都,2024-08-17,メルマガ
1956,松本 颯太,回答なし,34,大阪府,2024-11-10,SNS広告
1957,山口 さくら,女性,18,大阪府,2024-10-29,SNS広告
1958,松本 颯太,男性,51,千葉県,2023-12-05,オーガニック検索
1959,井上 蓮,女性,18,東京都,2024-05-26,オーガニック検索
1960,渡辺 樹,女性,29,千葉県,2024-05-02,SNS広告
1961,山本 大翔,男性,44,東京都,2023-05-03,SNS広告
1962,井上 葵,男性,37,神奈川県,2023-09-28,検索広告
1963,中村 悠人,女性,36,神奈川県,2023-09-20,SNS広告
1964,山口 凛,男性,24,兵庫県,2024-03-21,SNS広告
1965,吉田 さくら,男性,38,神奈川県,2024-10-24,検索広告
1966,松本 大翔,女性,50,愛知県,2023-09-15,検索広告
1967,佐藤 悠人,男性,38,兵庫県,2024-07-06,オーガニック検索
1968,山田 葵,男性,28,神奈川県,2023-04-30,SNS広告
1969,佐々木 結衣,男性,23,兵庫県,2024-10-14,SNS広告
1970,田中 悠真,回答なし,28,東京都,2024-03-09,検索広告
1971,山田 結衣,女性,43,神奈川県,2023-10-22,友人紹介
1972,田中 樹,女性,42,東京都,2024-01-26,検索広告
1973,松本 結衣,女性,28,千葉県,2024-05-31,SNS広告
1974,松本 大翔,女性,18,福岡県,2024-04-03,検索広告
1975,佐藤 颯太,女性,43,愛知県,2023-09-29,オーガニック検索
1976,小林 陽菜,男性,27,愛知県,2024-04-26,SNS広告
1977,山本 湊,女性,46,東京都,2023-10-09,SNS広告
1978,松本 颯太,男性,29,福岡県,2023-05-03,メルマガ
1979,渡辺 湊,女性,26,埼玉県,2024-03-08,オーガニック検索
1980,山田 陽菜,女性,40,東京都,2024-04-19,SNS広告
1981,鈴木 結衣,男性,66,福岡県,2023-08-20,SNS広告
1982,田中 悠人,男性,47,神奈川県,2024-05-29,友人紹介
1983,井上 さくら,女性,40,神奈川県,2023-04-23,友人紹介
1984,山本 悠真,男性,42,北海道,2024-10-01,オーガニック検索
1985,佐々木 陽斗,女性,18,東京都,2023-09-21,オーガニック検索
1986,井上 陽菜,女性,25,京都府,2024-01-10,メルマガ
1987,井上 陽菜,女性,18,埼玉県,2024-02-04,友人紹介
1988,佐藤 芽依,男性,59,福岡県,2024-10-17,検索広告
1989,田中 美咲,女性,56,東京都,2024-07-27,友人紹介
1990,山田 樹,男性,43,愛知県,2023-03-11,オーガニック検索
1991,松本 悠真,女性,40,大阪府,2023-06-03,オーガニック検索
1992,井上 陽斗,女性,19,愛知県,2024-03-30,SNS広告
1993,山田 樹,男性,35,千葉県,2023-09-26,SNS広告
1994,鈴木 凛,女性,60,愛知県,2024-10-26,メルマガ
1995,山田 凛,女性,40,大阪府,2024-08-09,オーガニック検索
1996,伊藤 悠真,女性,31,兵庫県,2023-04-24,検索広告
1997,佐々木 樹,女性,18,神奈川県,2024-04-30,オーガニック検索
1998,小林 美咲,女性,55,埼玉県,2023-05-15,検索広告
1999,高橋 さくら,女性,37,愛知県,2024-05-26,SNS広告
2000,山口 凛,男性,18,東京都,2023-11-22,オーガニック検索
