employee_id,department,job_level,age,tenure_years,education,gender,work_location,monthly_salary,overtime_hours,engagement_score,attrition
1,開発,1,44,10,専門・短大,男性,福岡,412000,12,3.4,0
2,カスタマーサポート,4,46,11,大卒,男性,東京,648000,17,4.0,0
3,開発,1,45,4,大卒,男性,名古屋,422000,15,4.5,0
4,営業,2,45,10,大卒,女性,東京,490000,41,2.0,1
5,マーケティング,2,53,7,専門・短大,女性,東京,460000,26,4.4,0
6,営業,1,30,1,大卒,男性,福岡,367000,30,1.9,0
7,マーケティング,2,39,8,大卒,男性,東京,491000,7,4.1,0
8,開発,2,37,8,専門・短大,男性,東京,479000,26,3.5,0
9,管理部門,1,49,8,大卒,女性,名古屋,486000,21,3.7,0
10,営業,3,41,3,大卒,男性,東京,501000,21,4.2,0
11,開発,2,40,7,大卒,女性,札幌,491000,44,3.7,0
12,営業,1,22,1,大卒,男性,東京,319000,0,4.9,0
13,開発,1,64,17,専門・短大,男性,東京,510000,44,3.2,1
14,マーケティング,2,43,8,高卒,女性,大阪,446000,20,3.8,0
15,営業,2,26,2,院卒,男性,東京,465000,17,3.6,0
16,営業,2,27,1,専門・短大,男性,大阪,418000,10,4.3,0
17,管理部門,3,45,8,大卒,男性,東京,560000,13,4.0,0
18,マーケティング,2,44,6,院卒,男性,東京,506000,48,1.8,1
19,カスタマーサポート,2,57,15,大卒,女性,東京,513000,15,4.0,0
20,開発,1,53,10,院卒,女性,東京,496000,0,4.0,0
21,開発,5,25,0,大卒,女性,東京,691000,37,3.8,0
22,営業,1,36,7,院卒,男性,東京,351000,26,4.0,0
23,開発,3,46,4,大卒,男性,東京,512000,22,4.5,0
24,営業,1,49,9,専門・短大,女性,福岡,366000,36,4.5,0
25,マーケティング,5,41,7,院卒,女性,札幌,740000,21,3.5,0
26,開発,3,45,9,大卒,男性,大阪,528000,17,5.0,0
27,開発,2,43,6,高卒,女性,福岡,420000,6,4.1,0
28,営業,3,42,6,専門・短大,男性,大阪,552000,29,2.3,0
29,マーケティング,4,40,0,大卒,男性,リモート,600000,16,3.7,0
30,開発,5,29,1,高卒,男性,大阪,638000,34,2.9,1
31,マーケティング,5,52,19,大卒,男性,リモート,727000,14,4.0,0
32,開発,1,36,7,院卒,女性,大阪,430000,42,3.0,0
33,開発,4,46,8,専門・短大,男性,大阪,584000,16,4.3,0
34,営業,1,31,0,大卒,女性,福岡,311000,2,3.4,0
35,開発,3,44,12,大卒,女性,東京,611000,19,3.5,0
36,営業,3,43,8,大卒,女性,東京,483000,4,4.5,0
37,カスタマーサポート,3,31,3,院卒,男性,福岡,499000,35,3.6,0
38,営業,3,27,2,高卒,男性,東京,389000,17,3.1,0
39,管理部門,3,41,8,大卒,男性,札幌,553000,23,2.2,0
40,開発,3,35,6,専門・短大,男性,大阪,485000,25,3.2,0
41,開発,2,36,7,大卒,男性,名古屋,494000,16,4.2,0
42,営業,2,53,13,高卒,男性,福岡,454000,33,4.7,0
43,営業,1,56,19,大卒,男性,大阪,432000,40,4.4,0
44,カスタマーサポート,3,38,5,院卒,男性,リモート,588000,37,4.1,0
45,営業,1,35,9,大卒,女性,大阪,324000,30,3.5,0
46,カスタマーサポート,1,30,4,大卒,男性,大阪,352000,19,2.9,0
47,開発,2,38,10,高卒,男性,東京,412000,29,2.9,0
48,開発,3,35,7,高卒,女性,札幌,476000,21,3.8,0
49,管理部門,3,29,0,大卒,男性,名古屋,526000,17,4.8,0
50,マーケティング,1,49,14,専門・短大,女性,東京,424000,16,4.7,0
51,開発,1,48,16,大卒,女性,大阪,456000,35,3.2,0
52,管理部門,1,44,5,大卒,男性,東京,390000,29,2.1,1
53,人事,3,43,12,院卒,男性,リモート,615000,22,3.2,0
54,営業,3,48,9,大卒,男性,大阪,551000,5,5.0,0
55,管理部門,3,45,12,大卒,男性,福岡,569000,6,4.5,0
56,営業,1,52,9,大卒,男性,東京,448000,27,4.6,0
57,営業,4,22,0,大卒,男性,名古屋,557000,15,4.5,0
58,人事,3,29,5,専門・短大,男性,東京,543000,25,4.1,0
59,カスタマーサポート,2,40,10,大卒,男性,東京,521000,27,3.7,1
60,開発,1,30,7,院卒,女性,リモート,400000,7,3.7,1
61,開発,4,46,7,大卒,女性,名古屋,637000,23,3.2,0
62,営業,1,22,4,院卒,女性,東京,347000,27,2.8,0
63,開発,2,38,11,専門・短大,女性,福岡,464000,19,2.6,0
64,管理部門,4,35,3,大卒,男性,リモート,607000,28,2.6,0
65,営業,1,37,5,大卒,男性,札幌,360000,24,1.7,1
66,カスタマーサポート,2,45,11,高卒,男性,大阪,478000,34,3.7,0
67,カスタマーサポート,2,40,5,高卒,男性,東京,429000,7,3.6,0
68,カスタマーサポート,3,45,8,専門・短大,男性,福岡,487000,11,3.8,0
69,開発,1,27,0,院卒,女性,大阪,363000,14,2.9,0
70,営業,3,32,0,大卒,男性,大阪,485000,18,4.9,0
71,マーケティング,1,36,1,大卒,女性,東京,320000,7,2.0,0
72,営業,1,22,0,大卒,男性,リモート,386000,41,3.0,0
73,開発,2,46,7,大卒,男性,大阪,476000,41,2.9,0
74,マーケティング,4,37,7,大卒,男性,福岡,633000,40,4.0,0
75,カスタマーサポート,1,44,13,高卒,男性,名古屋,398000,31,4.1,0
76,管理部門,3,24,3,大卒,男性,東京,479000,0,2.8,0
77,営業,4,39,0,大卒,男性,東京,537000,8,4.5,0
78,人事,1,22,4,大卒,男性,大阪,357000,8,4.7,0
79,営業,2,28,0,大卒,男性,東京,372000,16,3.8,0
80,管理部門,1,43,4,大卒,男性,東京,410000,26,3.2,0
81,マーケティング,2,52,7,大卒,男性,リモート,511000,8,4.5,0
82,営業,2,46,10,高卒,女性,大阪,485000,14,3.8,0
83,開発,4,35,1,大卒,男性,東京,588000,15,4.0,0
84,開発,2,30,4,高卒,男性,東京,371000,5,3.7,0
85,開発,4,34,5,大卒,女性,札幌,593000,35,3.6,0
86,開発,2,56,12,専門・短大,女性,大阪,505000,1,4.5,0
87,営業,3,44,6,大卒,女性,東京,558000,26,4.2,0
88,マーケティング,1,53,11,高卒,男性,東京,390000,17,4.0,1
89,開発,1,36,4,大卒,男性,東京,386000,32,3.8,1
90,マーケティング,2,32,5,大卒,女性,札幌,407000,13,3.5,0
91,営業,4,47,10,院卒,女性,東京,712000,26,3.5,0
92,開発,1,37,3,大卒,男性,大阪,346000,39,3.3,0
93,開発,2,44,11,院卒,女性,東京,524000,17,4.2,0
94,マーケティング,3,47,8,大卒,女性,名古屋,598000,22,3.4,1
95,管理部門,1,39,7,大卒,男性,東京,370000,0,4.8,0
96,営業,3,39,6,院卒,女性,東京,545000,33,3.4,0
97,営業,3,52,8,大卒,女性,大阪,562000,23,3.6,0
98,管理部門,2,48,7,専門・短大,男性,リモート,465000,0,5.0,0
99,人事,1,39,2,大卒,男性,大阪,298000,29,4.1,0
100,カスタマーサポート,3,43,10,大卒,男性,リモート,670000,28,3.5,0
101,開発,2,41,6,大卒,男性,大阪,470000,14,3.6,0
102,営業,3,35,6,専門・短大,男性,リモート,511000,16,3.8,0
103,営業,2,33,0,院卒,男性,東京,475000,19,3.6,0
104,カスタマーサポート,1,42,4,大卒,男性,リモート,327000,24,3.6,0
105,開発,2,34,3,大卒,女性,福岡,459000,20,4.4,0
106,マーケティング,2,32,5,高卒,男性,札幌,401000,18,4.7,0
107,営業,2,34,8,専門・短大,男性,札幌,392000,21,4.0,0
108,管理部門,3,30,0,大卒,女性,大阪,474000,38,3.3,0
109,開発,3,33,5,大卒,男性,東京,558000,7,4.4,0
110,管理部門,3,53,8,大卒,男性,東京,593000,29,4.4,0
111,カスタマーサポート,2,22,4,大卒,男性,東京,432000,30,4.1,0
112,開発,3,45,9,高卒,男性,東京,540000,12,3.4,0
113,開発,1,33,9,専門・短大,男性,リモート,430000,10,2.9,1
114,営業,4,35,3,専門・短大,女性,東京,555000,11,4.3,0
115,営業,3,40,6,大卒,女性,東京,499000,15,3.1,0
116,マーケティング,1,46,10,大卒,男性,福岡,454000,32,3.6,0
117,カスタマーサポート,2,34,5,大卒,女性,東京,435000,27,4.6,0
118,営業,1,35,5,大卒,女性,東京,385000,36,2.6,0
119,営業,3,35,7,専門・短大,女性,名古屋,501000,15,3.7,0
120,カスタマーサポート,3,39,3,院卒,女性,東京,541000,9,4.1,0
121,営業,1,30,0,専門・短大,男性,東京,308000,12,3.8,0
122,営業,2,37,5,院卒,男性,大阪,523000,41,2.9,0
123,カスタマーサポート,3,29,0,専門・短大,男性,名古屋,457000,13,3.7,0
124,カスタマーサポート,4,38,3,大卒,女性,リモート,587000,7,3.5,0
125,人事,4,32,3,専門・短大,男性,福岡,568000,25,1.8,0
126,開発,2,22,0,院卒,男性,東京,445000,20,3.0,0
127,開発,3,37,4,大卒,女性,福岡,562000,20,3.7,0
128,マーケティング,1,41,5,大卒,男性,東京,412000,0,5.0,0
129,マーケティング,4,34,3,高卒,女性,東京,532000,19,4.5,0
130,営業,1,46,3,高卒,女性,リモート,363000,0,3.2,1
131,開発,1,37,7,大卒,女性,東京,403000,0,4.2,0
132,営業,3,52,13,院卒,男性,名古屋,576000,43,2.4,0
133,マーケティング,2,29,1,大卒,男性,東京,398000,32,2.6,1
134,営業,1,25,1,大卒,女性,大阪,397000,18,4.9,0
135,営業,1,55,7,専門・短大,女性,リモート,407000,11,3.8,0
136,マーケティング,1,46,9,高卒,女性,大阪,353000,30,3.6,0
137,開発,4,30,2,院卒,女性,東京,648000,19,1.7,0
138,開発,3,62,13,院卒,女性,名古屋,689000,21,4.3,0
139,営業,1,38,7,高卒,男性,東京,314000,36,2.4,0
140,開発,1,41,7,専門・短大,女性,東京,361000,31,2.7,0
141,管理部門,3,43,6,大卒,男性,東京,574000,1,3.3,1
142,開発,2,52,7,専門・短大,女性,大阪,419000,18,4.4,0
143,管理部門,4,42,8,大卒,女性,東京,606000,2,4.0,0
144,営業,3,48,6,大卒,女性,名古屋,585000,20,4.0,0
145,カスタマーサポート,3,45,9,高卒,男性,札幌,532000,6,5.0,1
146,管理部門,3,41,6,専門・短大,男性,リモート,545000,29,2.9,1
147,開発,1,53,11,大卒,女性,東京,399000,33,3.9,0
148,開発,2,37,9,大卒,女性,名古屋,490000,5,4.6,0
149,人事,2,40,7,大卒,男性,札幌,505000,3,5.0,1
150,開発,2,39,7,高卒,女性,リモート,391000,26,3.5,0
151,開発,4,49,10,院卒,男性,リモート,669000,26,4.4,0
152,開発,2,47,10,高卒,男性,福岡,480000,3,3.8,0
153,カスタマーサポート,4,46,9,専門・短大,男性,大阪,631000,35,3.4,0
154,カスタマーサポート,1,46,5,高卒,男性,大阪,371000,37,3.3,1
155,マーケティング,2,42,8,院卒,男性,東京,548000,11,4.1,0
156,カスタマーサポート,2,38,4,専門・短大,女性,札幌,445000,26,2.9,0
157,カスタマーサポート,1,36,6,大卒,女性,福岡,421000,22,3.9,0
158,管理部門,1,50,13,高卒,女性,東京,411000,9,2.6,0
159,カスタマーサポート,1,33,2,大卒,男性,大阪,330000,20,4.2,0
160,開発,1,40,6,大卒,男性,東京,402000,24,2.8,1
161,営業,2,46,14,大卒,男性,東京,449000,13,3.3,0
162,カスタマーサポート,5,49,9,院卒,男性,大阪,778000,10,3.1,0
163,営業,3,27,1,高卒,女性,東京,480000,42,3.3,0
164,営業,4,29,3,専門・短大,女性,東京,572000,11,4.5,0
165,営業,1,26,3,高卒,男性,大阪,290000,45,3.4,0
166,開発,2,46,8,院卒,男性,名古屋,489000,30,3.1,0
167,開発,2,50,12,専門・短大,男性,東京,495000,11,4.0,0
168,開発,3,29,7,院卒,女性,リモート,570000,19,3.3,0
169,カスタマーサポート,2,43,6,院卒,女性,リモート,473000,12,3.9,0
170,人事,2,43,6,大卒,男性,大阪,485000,20,3.6,0
171,開発,2,53,10,院卒,男性,名古屋,576000,14,3.4,0
172,管理部門,3,27,0,院卒,男性,東京,478000,5,2.6,0
173,開発,4,37,4,高卒,女性,大阪,562000,0,4.2,0
174,営業,2,24,0,院卒,女性,名古屋,431000,11,4.6,0
175,開発,5,52,9,高卒,男性,札幌,653000,34,3.6,0
176,開発,4,28,0,大卒,男性,福岡,597000,30,5.0,0
177,管理部門,2,46,8,高卒,男性,大阪,423000,18,5.0,0
178,管理部門,2,45,6,高卒,女性,東京,446000,10,3.5,0
179,開発,4,22,0,大卒,女性,東京,520000,40,3.9,0
180,管理部門,3,45,9,大卒,男性,大阪,596000,45,3.3,0
181,営業,3,32,0,大卒,女性,東京,525000,14,3.4,0
182,営業,1,29,6,大卒,男性,大阪,375000,19,3.6,0
183,営業,2,42,2,大卒,女性,福岡,508000,21,3.4,0
184,開発,3,36,11,院卒,男性,大阪,593000,31,4.2,0
185,カスタマーサポート,2,54,12,大卒,女性,東京,515000,16,2.7,0
186,開発,5,35,6,高卒,男性,東京,607000,16,4.8,0
187,開発,4,42,10,大卒,男性,リモート,684000,43,3.2,0
188,カスタマーサポート,2,23,0,院卒,女性,札幌,414000,16,3.2,0
189,開発,4,36,4,院卒,男性,東京,626000,20,4.6,0
190,営業,2,47,10,院卒,女性,東京,489000,23,2.8,0
191,開発,3,52,10,大卒,男性,大阪,583000,37,2.8,1
192,営業,1,45,7,院卒,男性,東京,440000,13,3.6,0
193,マーケティング,2,31,6,大卒,男性,名古屋,480000,16,4.1,0
194,営業,4,44,9,専門・短大,男性,東京,640000,18,2.1,0
195,カスタマーサポート,3,49,5,大卒,男性,名古屋,588000,28,4.4,0
196,カスタマーサポート,2,38,4,院卒,女性,大阪,449000,33,3.5,0
197,開発,4,33,4,専門・短大,男性,東京,598000,5,3.7,0
198,マーケティング,2,38,3,高卒,男性,東京,363000,27,4.2,0
199,カスタマーサポート,3,29,6,大卒,男性,東京,520000,28,3.8,1
200,営業,3,33,9,大卒,女性,大阪,536000,22,3.0,0
201,開発,1,51,10,大卒,男性,東京,377000,5,3.9,0
202,営業,5,42,9,専門・短大,男性,リモート,675000,3,4.8,0
203,開発,1,44,9,大卒,女性,東京,472000,3,4.5,0
204,カスタマーサポート,2,39,9,院卒,男性,東京,504000,40,3.4,1
205,マーケティング,3,46,10,院卒,女性,福岡,546000,24,3.0,0
206,営業,2,40,1,専門・短大,女性,名古屋,411000,11,3.1,0
207,マーケティング,1,36,6,高卒,女性,東京,340000,0,4.4,0
208,カスタマーサポート,1,29,4,高卒,男性,リモート,357000,30,4.2,0
209,営業,4,25,0,大卒,女性,リモート,590000,10,3.9,0
210,営業,2,25,8,大卒,女性,東京,462000,1,3.3,0
211,開発,4,43,7,高卒,男性,東京,580000,29,4.0,0
212,開発,2,22,1,高卒,男性,東京,420000,23,3.9,0
213,カスタマーサポート,1,36,8,専門・短大,男性,札幌,395000,6,3.8,0
214,マーケティング,4,45,4,大卒,女性,大阪,616000,24,2.6,0
215,管理部門,1,28,5,大卒,女性,東京,330000,13,4.2,0
216,営業,2,42,8,専門・短大,女性,大阪,493000,16,4.0,0
217,開発,2,41,9,大卒,男性,東京,532000,10,5.0,0
218,開発,3,58,7,院卒,女性,東京,603000,16,3.2,0
219,営業,2,41,6,高卒,男性,リモート,418000,27,2.2,1
220,開発,3,27,0,大卒,男性,福岡,471000,25,2.3,1
221,営業,3,40,3,大卒,女性,福岡,531000,30,3.2,0
222,管理部門,1,34,4,院卒,女性,大阪,405000,0,4.4,0
223,営業,1,26,4,高卒,女性,東京,344000,24,3.4,1
224,開発,2,32,2,専門・短大,男性,東京,450000,39,4.8,0
225,営業,1,31,0,高卒,女性,大阪,295000,41,4.9,0
226,カスタマーサポート,3,42,1,院卒,男性,リモート,536000,15,3.6,0
227,管理部門,3,32,7,大卒,男性,東京,560000,32,3.4,0
228,営業,5,37,8,大卒,女性,名古屋,696000,31,2.2,1
229,マーケティング,2,47,9,大卒,女性,大阪,488000,30,3.3,0
230,営業,1,39,8,専門・短大,女性,名古屋,392000,12,4.7,0
231,営業,1,32,0,院卒,男性,東京,372000,25,4.0,0
232,営業,3,37,3,大卒,女性,リモート,536000,0,3.6,0
233,営業,1,45,11,大卒,女性,リモート,396000,31,3.6,1
234,カスタマーサポート,3,34,2,大卒,男性,リモート,477000,39,3.0,0
235,管理部門,1,51,8,大卒,女性,名古屋,413000,16,4.8,0
236,開発,1,39,9,大卒,男性,大阪,372000,13,4.6,0
237,開発,4,41,5,大卒,男性,東京,618000,16,3.5,0
238,営業,3,31,3,大卒,男性,東京,571000,19,4.1,0
239,開発,1,35,3,専門・短大,女性,福岡,342000,29,2.9,0
240,開発,5,44,7,大卒,男性,東京,668000,17,4.8,0
241,営業,2,53,11,院卒,男性,名古屋,576000,20,4.1,0
242,開発,1,43,11,高卒,男性,東京,374000,10,3.4,0
243,人事,3,51,16,高卒,女性,東京,603000,12,4.4,0
244,カスタマーサポート,5,32,4,高卒,女性,東京,648000,9,5.0,0
245,営業,4,28,3,大卒,女性,東京,556000,22,3.6,0
246,管理部門,5,22,0,院卒,男性,東京,659000,11,3.4,0
247,開発,1,48,5,大卒,女性,東京,419000,29,4.1,0
248,開発,3,46,7,専門・短大,女性,リモート,487000,11,4.3,0
249,営業,1,22,0,大卒,女性,東京,387000,20,3.5,0
250,カスタマーサポート,1,31,1,大卒,男性,リモート,335000,22,5.0,0
251,マーケティング,5,22,0,高卒,男性,リモート,576000,14,4.5,0
252,マーケティング,1,51,7,大卒,女性,大阪,470000,12,4.1,0
253,営業,1,54,11,大卒,女性,東京,454000,22,3.8,0
254,営業,2,41,7,大卒,女性,東京,443000,3,3.3,0
255,人事,4,51,15,院卒,女性,東京,751000,8,3.6,0
256,開発,1,25,0,院卒,男性,東京,367000,36,4.7,1
257,開発,1,41,7,院卒,女性,名古屋,416000,16,2.9,0
258,カスタマーサポート,2,33,7,高卒,女性,リモート,457000,25,4.0,1
259,カスタマーサポート,2,46,5,大卒,男性,東京,461000,33,3.3,0
260,営業,3,43,7,大卒,男性,東京,568000,2,4.0,0
261,開発,1,40,12,大卒,男性,福岡,422000,34,4.3,0
262,人事,2,28,0,高卒,女性,リモート,397000,2,4.1,0
263,営業,3,41,7,高卒,男性,東京,575000,37,2.2,1
264,開発,2,36,5,大卒,男性,東京,515000,14,3.8,0
265,カスタマーサポート,2,31,3,大卒,男性,大阪,453000,42,2.0,1
266,開発,1,32,8,大卒,男性,東京,417000,15,5.0,0
267,営業,2,38,6,大卒,女性,大阪,477000,12,4.3,0
268,開発,3,32,2,大卒,女性,札幌,508000,28,4.0,0
269,マーケティング,2,35,4,大卒,男性,東京,444000,24,3.8,0
270,カスタマーサポート,2,28,0,専門・短大,女性,リモート,413000,12,3.2,0
271,営業,1,35,3,大卒,男性,大阪,401000,9,4.1,0
272,人事,3,39,4,院卒,男性,東京,554000,27,3.9,0
273,人事,1,39,4,大卒,女性,リモート,400000,31,4.4,0
274,営業,2,45,6,院卒,女性,東京,528000,9,4.6,0
275,カスタマーサポート,3,33,7,専門・短大,女性,名古屋,546000,23,2.9,0
276,開発,3,29,8,専門・短大,男性,東京,505000,37,3.7,0
277,営業,2,31,3,大卒,男性,大阪,461000,16,4.6,0
278,開発,2,43,4,院卒,男性,名古屋,460000,24,2.6,1
279,開発,4,28,9,大卒,男性,リモート,631000,16,4.7,0
280,開発,3,30,1,大卒,女性,リモート,522000,33,4.1,0
281,営業,1,34,3,専門・短大,男性,大阪,357000,28,2.2,0
282,開発,1,55,12,大卒,男性,大阪,440000,20,2.6,0
283,マーケティング,2,59,13,大卒,男性,東京,520000,32,2.4,1
284,管理部門,1,33,5,高卒,女性,名古屋,300000,51,3.4,1
285,マーケティング,2,25,2,専門・短大,男性,東京,397000,4,3.7,0
286,営業,3,35,9,専門・短大,男性,東京,479000,23,4.1,0
287,開発,1,42,16,大卒,男性,福岡,480000,22,3.3,0
288,営業,2,22,0,専門・短大,女性,大阪,387000,7,3.5,0
289,マーケティング,1,34,0,大卒,女性,大阪,299000,33,4.2,0
290,営業,1,22,0,大卒,女性,リモート,303000,26,4.0,0
291,開発,2,51,10,高卒,男性,福岡,434000,42,3.4,0
292,カスタマーサポート,1,38,7,大卒,女性,リモート,413000,26,4.0,0
293,開発,3,28,8,大卒,男性,東京,538000,10,3.6,0
294,開発,4,27,4,院卒,男性,東京,631000,4,3.3,0
295,開発,1,30,4,専門・短大,女性,東京,339000,14,4.3,0
296,カスタマーサポート,1,40,7,大卒,男性,東京,448000,11,4.8,0
297,人事,2,40,7,大卒,男性,福岡,500000,5,3.9,0
298,開発,2,35,7,院卒,男性,リモート,506000,14,3.8,0
299,営業,3,46,4,大卒,男性,大阪,570000,24,5.0,0
300,営業,2,43,7,大卒,女性,東京,457000,33,4.2,0
301,営業,1,25,7,大卒,男性,福岡,367000,32,3.7,0
302,営業,2,40,15,院卒,男性,大阪,579000,8,3.7,0
303,営業,3,52,3,大卒,男性,東京,504000,24,4.7,0
304,営業,2,36,2,院卒,女性,東京,412000,16,2.9,0
305,営業,4,32,7,大卒,女性,東京,601000,34,3.0,0
306,開発,2,38,7,専門・短大,男性,福岡,457000,21,3.2,0
307,開発,1,22,0,大卒,男性,リモート,305000,22,2.5,0
308,営業,3,37,6,院卒,男性,札幌,555000,8,5.0,0
309,開発,2,47,11,院卒,女性,福岡,526000,11,4.5,0
310,開発,4,38,4,高卒,男性,東京,613000,13,2.9,0
311,マーケティング,5,45,8,院卒,男性,東京,718000,0,5.0,0
312,営業,1,44,4,大卒,男性,名古屋,383000,35,3.6,0
313,開発,4,28,6,大卒,女性,リモート,590000,19,2.1,0
314,カスタマーサポート,2,29,0,大卒,男性,リモート,455000,23,3.9,0
315,人事,2,31,6,専門・短大,女性,大阪,454000,27,4.4,0
316,開発,3,43,6,専門・短大,女性,東京,519000,37,4.6,0
317,営業,2,38,6,大卒,男性,リモート,486000,9,3.2,0
318,カスタマーサポート,3,38,13,大卒,女性,東京,552000,0,4.7,0
319,カスタマーサポート,1,48,15,高卒,女性,大阪,427000,21,3.5,0
320,開発,2,35,0,大卒,男性,札幌,448000,42,2.6,0
321,管理部門,1,43,9,院卒,男性,リモート,452000,16,4.3,0
322,人事,1,47,8,院卒,男性,東京,465000,16,4.4,0
323,開発,3,49,12,大卒,女性,リモート,635000,27,4.6,0
324,カスタマーサポート,2,46,11,大卒,女性,大阪,555000,17,3.9,0
325,管理部門,2,31,9,専門・短大,女性,名古屋,468000,31,3.9,0
326,カスタマーサポート,4,24,0,大卒,男性,リモート,593000,28,4.2,0
327,営業,1,42,4,大卒,女性,東京,366000,32,4.1,0
328,営業,3,38,12,専門・短大,男性,大阪,584000,27,4.5,0
329,管理部門,1,35,5,高卒,女性,リモート,385000,25,3.3,1
330,営業,3,38,4,大卒,女性,福岡,519000,30,3.5,0
331,営業,3,49,10,大卒,女性,東京,607000,32,2.6,0
332,カスタマーサポート,2,35,0,高卒,男性,東京,426000,24,3.5,0
333,人事,3,29,0,大卒,女性,リモート,509000,34,4.1,0
334,管理部門,1,41,8,高卒,女性,リモート,383000,35,3.6,0
335,営業,4,51,12,院卒,女性,東京,767000,29,3.0,0
336,カスタマーサポート,2,52,10,高卒,男性,東京,457000,13,5.0,0
337,管理部門,3,33,2,専門・短大,男性,福岡,497000,25,2.7,0
338,開発,2,40,4,大卒,男性,東京,450000,16,2.2,0
339,営業,3,49,12,大卒,男性,リモート,562000,23,3.2,1
340,営業,5,50,20,院卒,男性,福岡,830000,16,3.1,0
341,開発,3,34,0,院卒,男性,大阪,573000,19,4.3,0
342,営業,4,29,0,高卒,男性,リモート,516000,28,3.6,0
343,開発,3,45,8,大卒,女性,大阪,552000,19,3.0,0
344,営業,2,40,11,専門・短大,男性,福岡,489000,13,3.6,0
345,営業,3,40,6,院卒,男性,東京,633000,25,3.9,0
346,開発,1,31,8,大卒,男性,リモート,410000,28,3.6,1
347,カスタマーサポート,4,38,7,院卒,男性,大阪,690000,12,4.5,0
348,カスタマーサポート,1,36,5,院卒,女性,東京,503000,0,4.2,0
349,マーケティング,1,35,10,大卒,女性,東京,412000,25,4.1,0
350,マーケティング,1,36,3,専門・短大,男性,東京,342000,28,4.5,1
351,開発,3,25,2,高卒,男性,東京,464000,36,3.9,0
352,開発,3,43,7,大卒,男性,東京,534000,10,5.0,0
353,開発,2,36,1,大卒,男性,福岡,413000,28,3.9,0
354,カスタマーサポート,4,42,12,院卒,男性,リモート,633000,9,4.7,0
355,開発,1,43,5,専門・短大,男性,大阪,433000,32,4.0,0
356,カスタマーサポート,2,31,5,大卒,男性,大阪,520000,22,2.5,0
357,開発,3,23,2,大卒,男性,東京,416000,27,4.3,0
358,カスタマーサポート,1,30,6,専門・短大,女性,東京,348000,23,4.4,0
359,開発,1,45,7,大卒,男性,東京,403000,18,3.7,0
360,営業,3,41,9,大卒,男性,東京,570000,41,3.4,0
361,営業,4,42,6,院卒,男性,名古屋,639000,7,3.9,0
362,開発,1,22,2,専門・短大,男性,東京,372000,17,4.6,0
363,営業,1,33,8,高卒,男性,名古屋,362000,13,4.4,0
364,営業,2,40,2,大卒,男性,名古屋,480000,11,4.4,0
365,開発,4,37,1,専門・短大,女性,リモート,567000,19,4.4,0
366,開発,1,55,15,大卒,男性,東京,402000,11,3.0,0
367,マーケティング,2,38,0,高卒,女性,東京,396000,20,3.3,0
368,開発,2,50,11,大卒,女性,名古屋,478000,20,3.2,0
369,開発,1,26,0,高卒,男性,東京,343000,27,4.0,0
370,カスタマーサポート,1,37,8,大卒,男性,福岡,352000,9,3.5,1
371,開発,2,23,5,大卒,男性,大阪,449000,18,4.2,0
372,開発,4,45,9,大卒,女性,福岡,627000,23,5.0,0
373,開発,3,38,7,大卒,女性,東京,536000,8,3.0,0
374,開発,3,40,6,高卒,男性,東京,546000,0,3.6,0
375,営業,3,39,4,院卒,女性,名古屋,516000,0,4.2,0
376,開発,1,49,15,大卒,女性,東京,459000,29,3.9,0
377,開発,1,47,12,大卒,男性,福岡,493000,36,2.9,0
378,開発,2,27,1,大卒,女性,東京,364000,27,3.4,0
379,開発,2,39,9,高卒,女性,東京,467000,12,3.9,1
380,カスタマーサポート,4,37,4,大卒,男性,東京,608000,37,2.9,0
381,開発,1,47,15,院卒,男性,福岡,464000,4,4.8,0
382,営業,2,42,1,大卒,男性,名古屋,468000,12,4.2,0
383,開発,2,41,10,大卒,男性,リモート,509000,27,4.2,0
384,営業,1,53,10,大卒,男性,リモート,406000,37,3.8,1
385,開発,5,44,6,大卒,女性,札幌,710000,37,3.6,0
386,営業,1,35,4,大卒,女性,福岡,375000,37,3.2,1
387,営業,3,51,16,大卒,男性,リモート,660000,13,2.8,0
388,マーケティング,3,36,6,大卒,女性,福岡,484000,31,3.0,1
389,営業,2,40,9,高卒,女性,東京,514000,27,2.9,0
390,営業,2,46,7,高卒,男性,福岡,435000,16,2.6,0
391,開発,1,36,1,大卒,女性,東京,321000,12,3.3,1
392,営業,2,39,5,専門・短大,女性,名古屋,502000,2,3.7,0
393,開発,1,36,4,高卒,男性,大阪,363000,14,3.6,0
394,営業,2,28,2,大卒,女性,東京,439000,11,4.6,1
395,マーケティング,1,35,6,専門・短大,男性,東京,412000,12,3.7,0
396,カスタマーサポート,3,29,1,大卒,男性,名古屋,509000,16,3.6,0
397,カスタマーサポート,4,53,17,大卒,男性,東京,670000,38,3.5,0
398,人事,5,48,11,大卒,男性,東京,743000,25,4.8,0
399,開発,3,50,10,大卒,男性,大阪,577000,25,2.6,0
400,カスタマーサポート,1,27,4,大卒,女性,名古屋,364000,15,3.2,0
401,管理部門,1,28,2,院卒,男性,大阪,369000,22,3.8,0
402,人事,2,43,8,専門・短大,男性,東京,479000,9,2.5,0
403,管理部門,3,40,8,専門・短大,女性,大阪,537000,7,4.6,0
404,営業,2,47,13,専門・短大,女性,大阪,468000,9,4.1,0
405,管理部門,2,42,11,専門・短大,男性,東京,482000,25,4.2,0
406,開発,2,33,3,院卒,男性,東京,520000,22,5.0,0
407,管理部門,2,40,11,大卒,男性,名古屋,483000,13,3.8,0
408,営業,2,49,9,大卒,男性,福岡,510000,24,3.9,0
409,人事,1,55,18,大卒,女性,東京,452000,22,2.8,0
410,営業,4,39,3,大卒,男性,大阪,561000,0,4.4,0
411,開発,1,30,7,専門・短大,女性,東京,347000,15,4.1,0
412,開発,1,35,2,高卒,女性,東京,353000,19,4.4,0
413,管理部門,1,42,7,大卒,男性,名古屋,386000,12,4.0,0
414,営業,1,40,8,専門・短大,男性,リモート,395000,16,3.4,0
415,営業,4,44,4,大卒,男性,名古屋,658000,50,2.5,1
416,営業,3,52,9,専門・短大,男性,福岡,600000,18,4.4,0
417,管理部門,1,45,12,大卒,女性,福岡,442000,7,4.5,0
418,開発,4,36,4,院卒,女性,東京,609000,18,4.2,0
419,人事,1,27,3,院卒,女性,リモート,435000,41,2.5,0
420,開発,1,39,0,大卒,男性,リモート,377000,19,2.8,0
421,管理部門,2,36,3,専門・短大,男性,名古屋,432000,18,4.2,0
422,営業,4,48,8,院卒,男性,福岡,645000,0,4.8,0
423,開発,3,31,0,大卒,男性,大阪,501000,28,5.0,0
424,営業,5,25,0,専門・短大,男性,大阪,624000,15,5.0,1
425,営業,3,28,0,大卒,女性,東京,501000,9,3.9,0
426,営業,1,25,0,大卒,女性,リモート,344000,24,2.7,0
427,カスタマーサポート,4,36,6,大卒,男性,東京,685000,35,2.4,0
428,マーケティング,2,36,8,高卒,女性,リモート,433000,45,4.0,0
429,カスタマーサポート,2,29,0,大卒,女性,東京,398000,0,4.7,0
430,営業,4,34,6,院卒,女性,大阪,660000,0,4.6,0
431,開発,3,47,11,高卒,女性,リモート,553000,16,3.6,0
432,開発,1,22,2,高卒,男性,東京,309000,43,4.4,1
433,カスタマーサポート,3,55,10,大卒,男性,リモート,575000,17,3.2,0
434,人事,2,33,7,高卒,女性,大阪,467000,11,4.9,0
435,営業,1,46,5,大卒,女性,リモート,415000,17,3.7,0
436,開発,1,51,16,専門・短大,男性,東京,450000,18,3.6,0
437,管理部門,2,40,7,専門・短大,男性,東京,443000,32,4.0,0
438,開発,1,51,10,大卒,男性,東京,410000,25,4.5,0
439,管理部門,2,38,1,高卒,男性,札幌,381000,29,3.9,0
440,営業,2,53,16,専門・短大,女性,東京,451000,41,1.8,1
441,開発,3,43,6,院卒,男性,福岡,533000,16,2.5,0
442,開発,3,22,0,高卒,女性,東京,469000,32,3.7,0
443,カスタマーサポート,1,34,6,専門・短大,女性,東京,404000,31,4.5,0
444,マーケティング,2,51,10,専門・短大,男性,東京,491000,16,3.5,0
445,人事,2,30,2,院卒,男性,東京,415000,27,3.2,0
446,マーケティング,2,52,11,大卒,女性,東京,538000,17,4.4,0
447,開発,1,27,0,専門・短大,女性,東京,316000,24,4.1,0
448,営業,2,45,12,大卒,女性,東京,527000,25,3.6,0
449,開発,2,50,8,院卒,男性,大阪,536000,43,2.6,0
450,営業,3,29,1,大卒,男性,名古屋,462000,15,4.1,0
451,営業,1,47,8,大卒,女性,名古屋,412000,0,5.0,0
452,営業,5,26,0,院卒,女性,大阪,636000,25,3.5,0
453,開発,3,48,8,大卒,男性,札幌,534000,1,3.4,0
454,営業,3,37,9,大卒,男性,リモート,537000,11,2.9,0
455,カスタマーサポート,1,45,12,専門・短大,女性,大阪,404000,0,5.0,0
456,カスタマーサポート,1,49,5,専門・短大,女性,東京,399000,0,4.4,0
457,開発,3,37,5,専門・短大,男性,リモート,543000,48,2.7,0
458,管理部門,4,32,4,大卒,男性,東京,576000,5,4.1,0
459,営業,2,31,5,大卒,女性,大阪,398000,16,3.0,1
460,マーケティング,3,37,7,大卒,男性,東京,570000,14,3.8,0
461,開発,4,47,5,高卒,男性,福岡,593000,19,4.6,0
462,管理部門,3,50,15,院卒,女性,大阪,585000,8,3.6,0
463,マーケティング,2,50,12,専門・短大,男性,大阪,461000,30,3.8,0
464,営業,1,37,3,高卒,女性,東京,348000,12,4.2,0
465,開発,4,47,12,専門・短大,男性,東京,668000,15,2.7,0
466,カスタマーサポート,5,33,9,院卒,女性,大阪,745000,25,2.8,0
467,開発,2,41,5,専門・短大,女性,大阪,423000,10,4.3,0
468,営業,5,36,5,大卒,女性,大阪,687000,31,2.5,0
469,営業,1,44,5,大卒,女性,東京,410000,25,3.1,0
470,人事,2,42,5,高卒,女性,大阪,445000,22,2.6,1
471,マーケティング,1,36,9,大卒,女性,東京,468000,37,3.7,1
472,カスタマーサポート,1,44,6,高卒,女性,リモート,389000,32,3.2,1
473,管理部門,2,56,9,大卒,男性,名古屋,546000,6,3.7,0
474,開発,2,39,9,高卒,女性,東京,435000,31,4.0,0
475,管理部門,4,37,5,大卒,女性,大阪,570000,7,2.8,1
476,開発,3,46,7,院卒,男性,リモート,590000,26,4.1,0
477,開発,1,52,6,院卒,女性,東京,457000,7,4.9,0
478,営業,3,22,0,高卒,男性,東京,450000,22,2.8,0
479,営業,4,38,4,大卒,女性,リモート,640000,18,4.0,0
480,開発,1,25,4,大卒,女性,東京,354000,15,4.5,0
481,管理部門,3,22,0,院卒,女性,東京,515000,18,3.6,0
482,営業,1,30,0,院卒,男性,リモート,356000,40,3.6,0
483,営業,1,38,12,専門・短大,男性,大阪,421000,5,4.3,0
484,マーケティング,1,51,8,専門・短大,男性,東京,423000,10,4.1,0
485,営業,2,48,6,大卒,女性,大阪,531000,19,3.1,0
486,営業,1,33,0,院卒,男性,大阪,374000,28,3.5,0
487,開発,3,35,7,院卒,女性,札幌,575000,28,3.1,0
488,営業,2,30,4,大卒,女性,札幌,508000,7,3.8,0
489,開発,5,25,0,大卒,男性,東京,624000,13,3.8,0
490,管理部門,2,31,3,大卒,女性,リモート,455000,2,4.4,0
491,開発,2,40,11,専門・短大,男性,東京,464000,34,3.6,0
492,開発,2,22,3,専門・短大,男性,東京,428000,0,5.0,0
493,カスタマーサポート,4,34,5,大卒,女性,東京,597000,29,3.2,0
494,開発,1,26,5,高卒,男性,東京,336000,9,4.9,0
495,営業,1,35,1,高卒,女性,名古屋,259000,13,3.9,0
496,開発,2,51,7,高卒,男性,東京,405000,4,5.0,0
497,営業,2,39,7,院卒,男性,リモート,503000,30,3.2,0
498,営業,1,35,1,大卒,女性,東京,333000,37,2.7,1
499,開発,1,35,10,大卒,男性,リモート,440000,11,3.6,0
500,開発,2,53,14,専門・短大,男性,大阪,486000,7,4.5,0
501,人事,3,53,14,大卒,男性,大阪,578000,25,2.8,0
502,人事,2,37,12,大卒,男性,東京,503000,0,4.4,0
503,マーケティング,2,47,8,専門・短大,男性,東京,472000,22,3.9,0
504,営業,3,31,0,大卒,女性,福岡,509000,16,3.6,0
505,カスタマーサポート,1,45,3,院卒,男性,大阪,476000,34,3.7,1
506,営業,2,40,9,大卒,女性,東京,482000,23,4.6,0
507,管理部門,1,30,4,高卒,女性,東京,306000,25,3.2,0
508,営業,1,36,7,専門・短大,女性,名古屋,379000,47,4.0,0
509,マーケティング,1,39,3,大卒,女性,東京,389000,15,4.2,1
510,営業,1,37,7,院卒,女性,福岡,457000,9,3.8,0
511,営業,1,36,9,院卒,男性,東京,443000,0,3.6,0
512,営業,1,48,7,大卒,女性,福岡,412000,10,4.2,0
513,管理部門,3,48,4,大卒,女性,東京,577000,41,4.5,0
514,開発,2,49,8,大卒,女性,名古屋,458000,6,3.0,0
515,開発,2,44,2,高卒,男性,大阪,391000,5,3.4,0
516,営業,1,34,8,院卒,女性,リモート,468000,39,3.2,1
517,マーケティング,1,50,9,高卒,男性,東京,408000,22,3.0,0
518,管理部門,1,44,8,院卒,男性,大阪,463000,20,3.8,0
519,管理部門,1,39,6,大卒,男性,東京,403000,0,4.5,0
520,開発,2,42,10,大卒,女性,名古屋,489000,25,3.5,0
521,営業,3,47,7,大卒,男性,福岡,577000,44,2.5,1
522,開発,1,30,3,大卒,男性,福岡,365000,18,2.8,0
523,人事,1,34,5,大卒,女性,東京,436000,22,4.5,0
524,カスタマーサポート,4,43,6,高卒,男性,福岡,586000,13,3.0,1
525,マーケティング,2,30,3,大卒,男性,大阪,429000,12,2.9,0
526,営業,5,36,12,高卒,女性,東京,702000,26,3.1,1
527,管理部門,1,47,6,院卒,女性,東京,401000,14,4.6,0
528,営業,1,31,0,高卒,男性,福岡,392000,12,4.6,0
529,開発,2,33,1,大卒,男性,福岡,440000,36,4.0,0
530,マーケティング,5,35,5,大卒,男性,東京,707000,40,4.2,0
531,マーケティング,2,38,7,院卒,女性,東京,500000,21,4.3,0
532,マーケティング,1,56,11,大卒,男性,東京,474000,18,3.5,0
533,管理部門,3,37,5,院卒,男性,大阪,561000,25,3.2,0
534,カスタマーサポート,2,47,12,大卒,男性,札幌,530000,17,3.2,0
535,人事,1,24,1,大卒,男性,東京,335000,29,1.8,1
536,開発,3,36,10,高卒,女性,東京,510000,26,3.7,0
537,開発,2,34,1,院卒,女性,東京,432000,32,3.3,0
538,営業,3,22,3,専門・短大,男性,東京,505000,25,4.5,0
539,営業,3,30,2,大卒,女性,リモート,526000,26,2.6,0
540,管理部門,2,55,9,大卒,女性,大阪,529000,11,3.6,0
541,開発,1,44,10,院卒,女性,東京,460000,24,3.3,0
542,カスタマーサポート,4,40,7,専門・短大,男性,福岡,603000,19,5.0,0
543,開発,2,27,2,大卒,男性,リモート,418000,22,4.4,1
544,管理部門,2,38,5,大卒,男性,大阪,477000,27,4.7,0
545,開発,4,45,3,高卒,女性,リモート,563000,28,3.2,0
546,開発,1,39,6,専門・短大,男性,東京,405000,37,3.8,0
547,開発,3,26,1,高卒,男性,大阪,474000,21,3.5,0
548,マーケティング,4,53,7,院卒,女性,名古屋,654000,16,4.4,0
549,開発,4,29,7,大卒,男性,名古屋,662000,26,4.1,0
550,人事,2,35,3,高卒,男性,東京,388000,24,5.0,0
551,開発,3,32,5,大卒,男性,大阪,489000,39,4.4,0
552,営業,4,53,10,高卒,男性,大阪,553000,20,3.9,0
553,営業,2,32,4,大卒,男性,福岡,439000,18,3.9,0
554,営業,3,36,7,大卒,女性,福岡,607000,20,4.3,0
555,営業,2,48,7,大卒,男性,大阪,489000,20,4.0,0
556,マーケティング,2,53,13,院卒,男性,リモート,558000,3,4.1,1
557,開発,2,51,12,大卒,男性,東京,519000,24,3.9,0
558,マーケティング,2,27,3,院卒,女性,リモート,462000,14,4.8,0
559,管理部門,2,27,0,専門・短大,男性,東京,375000,49,3.7,0
560,管理部門,1,39,5,専門・短大,男性,リモート,390000,31,3.8,0
561,管理部門,3,41,3,大卒,女性,東京,524000,37,3.9,0
562,開発,1,46,3,大卒,女性,リモート,326000,38,4.1,0
563,マーケティング,1,53,15,大卒,男性,大阪,504000,7,4.6,0
564,営業,2,49,12,大卒,女性,リモート,564000,32,4.6,0
565,管理部門,1,37,5,大卒,女性,東京,377000,21,3.6,0
566,人事,1,27,0,大卒,男性,東京,299000,19,3.6,0
567,開発,2,34,7,大卒,女性,東京,496000,0,4.0,0
568,人事,2,51,13,大卒,女性,名古屋,540000,11,4.6,0
569,マーケティング,4,29,0,院卒,女性,東京,579000,2,3.5,0
570,開発,3,34,0,大卒,女性,東京,503000,8,3.8,0
571,管理部門,2,34,1,専門・短大,女性,東京,366000,22,4.3,0
572,管理部門,1,34,3,高卒,男性,名古屋,301000,32,4.2,0
573,営業,1,31,4,専門・短大,男性,大阪,291000,19,4.3,0
574,人事,4,30,6,院卒,女性,リモート,662000,33,2.6,0
575,開発,2,50,14,大卒,男性,名古屋,546000,27,4.2,1
576,開発,2,46,9,専門・短大,女性,名古屋,464000,16,5.0,0
577,開発,4,40,6,大卒,女性,大阪,665000,3,4.3,0
578,カスタマーサポート,3,57,12,専門・短大,女性,大阪,550000,18,4.2,0
579,人事,1,34,1,大卒,女性,福岡,342000,27,4.0,0
580,開発,3,28,3,大卒,女性,福岡,525000,30,3.9,0
581,営業,2,35,3,高卒,男性,東京,396000,11,3.2,0
582,営業,2,35,2,大卒,男性,リモート,489000,14,3.9,0
583,管理部門,2,54,10,大卒,男性,札幌,486000,25,3.2,0
584,開発,1,31,7,高卒,男性,東京,309000,0,4.4,0
585,管理部門,3,46,7,大卒,男性,名古屋,556000,36,3.5,0
586,開発,3,42,7,高卒,男性,名古屋,491000,7,4.1,0
587,管理部門,2,31,0,専門・短大,女性,大阪,373000,47,3.1,1
588,管理部門,3,40,10,院卒,女性,東京,615000,29,3.7,0
589,営業,1,40,12,大卒,男性,東京,405000,37,2.0,1
590,カスタマーサポート,1,30,9,専門・短大,男性,福岡,374000,35,3.4,0
591,営業,3,42,9,専門・短大,男性,福岡,577000,22,3.3,0
592,開発,2,42,6,院卒,男性,大阪,531000,12,4.6,0
593,マーケティング,2,33,4,大卒,男性,東京,481000,39,1.6,1
594,人事,1,46,5,院卒,男性,東京,452000,5,5.0,0
595,カスタマーサポート,2,37,9,大卒,女性,大阪,462000,18,3.5,0
596,管理部門,2,41,2,大卒,女性,名古屋,450000,24,3.7,0
597,営業,5,43,6,大卒,女性,東京,677000,20,4.1,0
598,管理部門,3,41,5,院卒,女性,大阪,553000,28,2.4,0
599,開発,1,41,3,大卒,女性,東京,334000,5,2.9,0
600,マーケティング,1,46,2,大卒,男性,福岡,354000,10,3.3,0
601,開発,1,29,4,院卒,女性,名古屋,370000,14,4.3,0
602,カスタマーサポート,3,42,6,高卒,男性,大阪,513000,35,3.3,0
603,カスタマーサポート,1,34,8,院卒,女性,福岡,405000,2,4.4,0
604,開発,1,26,0,高卒,女性,東京,325000,25,3.8,0
605,営業,4,22,0,大卒,女性,東京,601000,17,3.7,0
606,営業,3,45,7,高卒,男性,大阪,501000,11,3.4,0
607,営業,2,38,3,専門・短大,男性,東京,403000,3,3.4,0
608,営業,3,32,0,大卒,女性,東京,483000,0,4.4,0
609,営業,4,36,16,専門・短大,女性,リモート,642000,10,4.8,0
610,営業,4,33,6,院卒,女性,リモート,641000,13,4.6,0
611,開発,1,44,7,高卒,男性,リモート,356000,16,3.0,0
612,管理部門,2,35,8,高卒,男性,東京,449000,37,2.6,0
613,マーケティング,5,32,0,大卒,男性,福岡,626000,9,5.0,0
614,カスタマーサポート,1,24,2,院卒,男性,大阪,326000,0,3.7,0
615,管理部門,4,30,9,大卒,男性,札幌,650000,11,3.8,0
616,マーケティング,1,33,5,大卒,男性,リモート,359000,38,3.6,0
617,開発,3,39,7,専門・短大,女性,札幌,518000,28,4.3,1
618,カスタマーサポート,2,48,12,院卒,男性,大阪,544000,3,4.8,0
619,開発,2,32,5,院卒,男性,東京,476000,46,4.4,0
620,営業,1,43,3,院卒,男性,東京,442000,5,3.5,0
621,マーケティング,2,41,9,院卒,女性,名古屋,509000,21,2.5,0
622,営業,2,32,7,高卒,男性,大阪,424000,10,3.5,0
623,開発,2,22,1,大卒,女性,福岡,431000,22,4.5,0
624,管理部門,3,47,4,専門・短大,男性,東京,444000,28,4.3,0
625,営業,2,46,5,大卒,男性,大阪,495000,22,4.5,0
626,開発,1,28,1,専門・短大,女性,名古屋,313000,29,4.9,0
627,開発,2,22,4,専門・短大,女性,東京,442000,26,3.5,0
628,管理部門,4,43,14,大卒,男性,東京,692000,28,2.7,0
629,開発,2,46,12,高卒,男性,リモート,461000,15,3.5,0
630,マーケティング,5,33,7,院卒,男性,名古屋,734000,22,4.7,0
631,営業,2,36,5,大卒,女性,東京,482000,21,3.9,0
632,マーケティング,2,34,4,専門・短大,女性,東京,409000,37,2.6,0
633,管理部門,3,31,6,院卒,女性,福岡,531000,29,3.8,1
634,管理部門,2,28,3,専門・短大,女性,大阪,405000,12,3.9,0
635,カスタマーサポート,1,27,0,専門・短大,男性,リモート,283000,10,3.3,0
636,開発,1,33,0,大卒,男性,リモート,372000,10,5.0,0
637,営業,4,28,3,大卒,男性,東京,593000,20,2.2,0
638,管理部門,1,33,1,大卒,男性,東京,364000,11,3.3,0
639,営業,3,35,7,大卒,女性,東京,578000,17,4.6,0
640,開発,3,31,6,大卒,女性,福岡,526000,34,4.0,0
641,開発,4,27,1,大卒,男性,リモート,558000,10,4.9,0
642,管理部門,4,45,4,大卒,男性,大阪,598000,10,4.3,0
643,開発,2,34,0,院卒,男性,東京,411000,6,4.8,0
644,開発,2,27,0,専門・短大,男性,福岡,343000,17,3.6,0
645,営業,4,62,12,大卒,男性,東京,689000,3,4.8,0
646,開発,1,36,1,大卒,男性,福岡,361000,40,3.0,0
647,開発,3,40,6,専門・短大,男性,東京,544000,13,3.6,0
648,カスタマーサポート,1,31,5,大卒,男性,福岡,368000,17,4.0,0
649,カスタマーサポート,2,40,7,高卒,男性,東京,425000,23,3.0,0
650,開発,1,22,0,大卒,男性,東京,332000,24,3.4,1
651,開発,1,46,2,院卒,女性,リモート,395000,25,2.8,0
652,カスタマーサポート,3,50,4,大卒,男性,名古屋,553000,23,3.6,0
653,開発,3,37,3,大卒,女性,大阪,490000,14,3.4,1
654,人事,3,52,14,大卒,男性,東京,585000,29,3.1,0
655,マーケティング,2,43,7,高卒,女性,福岡,448000,8,3.3,0
656,開発,1,33,5,大卒,男性,名古屋,394000,0,3.9,0
657,人事,2,36,4,大卒,男性,名古屋,527000,27,3.3,0
658,マーケティング,1,50,10,専門・短大,女性,リモート,435000,19,3.2,0
659,カスタマーサポート,2,38,7,大卒,男性,福岡,451000,33,1.4,0
660,営業,1,53,14,院卒,男性,東京,490000,24,4.4,0
661,開発,2,26,2,院卒,男性,リモート,419000,7,4.1,0
662,営業,3,33,4,大卒,女性,リモート,529000,24,3.0,0
663,マーケティング,4,52,7,大卒,女性,東京,600000,15,5.0,0
664,開発,1,32,0,大卒,女性,東京,296000,33,1.7,1
665,開発,1,50,13,大卒,女性,東京,498000,20,4.5,0
666,開発,3,32,1,専門・短大,男性,大阪,495000,18,4.6,0
667,マーケティング,4,41,11,大卒,男性,リモート,671000,19,3.4,0
668,マーケティング,3,48,15,専門・短大,女性,東京,603000,20,3.5,0
669,営業,1,38,6,専門・短大,男性,福岡,350000,23,3.4,1
670,営業,1,34,1,高卒,女性,福岡,306000,13,4.5,0
671,開発,4,35,9,専門・短大,女性,大阪,596000,27,3.0,0
672,開発,2,37,9,高卒,男性,東京,464000,13,2.6,0
673,カスタマーサポート,1,47,10,大卒,女性,リモート,457000,24,3.2,0
674,開発,3,54,7,大卒,男性,東京,530000,7,4.3,0
675,カスタマーサポート,1,49,13,専門・短大,女性,東京,385000,8,2.7,1
676,開発,2,39,9,高卒,女性,大阪,416000,23,3.5,0
677,マーケティング,1,34,7,大卒,女性,東京,402000,19,3.3,0
678,開発,2,33,4,大卒,女性,東京,481000,27,3.7,0
679,開発,5,33,6,大卒,男性,東京,672000,31,4.1,0
680,人事,1,35,2,大卒,男性,リモート,434000,46,4.7,0
681,マーケティング,2,46,6,大卒,女性,名古屋,484000,15,3.3,0
682,カスタマーサポート,2,32,5,大卒,男性,東京,457000,19,3.3,0
683,マーケティング,1,24,0,院卒,女性,大阪,375000,34,3.4,0
684,開発,3,43,6,大卒,女性,名古屋,528000,24,3.0,1
685,カスタマーサポート,2,38,4,大卒,女性,リモート,424000,24,5.0,0
686,カスタマーサポート,2,40,9,大卒,男性,東京,449000,11,4.6,0
687,営業,1,38,3,大卒,男性,東京,368000,28,4.5,0
688,マーケティング,1,53,11,大卒,女性,福岡,413000,25,3.6,0
689,管理部門,3,29,4,大卒,女性,リモート,514000,32,3.6,0
690,営業,1,48,11,大卒,男性,リモート,437000,12,4.7,0
691,開発,3,57,10,高卒,女性,大阪,555000,19,3.0,0
692,開発,2,52,13,大卒,女性,札幌,528000,10,4.1,0
693,営業,3,26,7,高卒,男性,東京,524000,19,4.1,0
694,開発,1,38,6,大卒,男性,札幌,440000,2,4.5,0
695,人事,2,33,7,大卒,男性,福岡,472000,13,2.8,1
696,カスタマーサポート,1,33,0,大卒,男性,大阪,338000,7,3.5,0
697,カスタマーサポート,2,43,15,専門・短大,女性,東京,441000,7,3.2,0
698,営業,2,41,7,高卒,男性,東京,465000,24,4.1,0
699,管理部門,3,34,7,大卒,男性,大阪,567000,6,4.1,0
700,マーケティング,2,44,7,院卒,女性,福岡,515000,9,4.4,0
701,マーケティング,1,42,4,院卒,女性,リモート,428000,42,3.1,0
702,開発,1,46,9,大卒,男性,札幌,436000,30,2.2,1
703,営業,1,35,4,大卒,女性,東京,417000,10,4.4,0
704,カスタマーサポート,2,46,9,高卒,男性,大阪,445000,15,4.3,0
705,営業,3,34,11,院卒,女性,福岡,585000,20,4.5,0
706,カスタマーサポート,1,39,3,専門・短大,女性,東京,371000,31,4.1,0
707,営業,4,35,6,大卒,女性,リモート,571000,9,4.6,0
708,開発,5,54,14,高卒,男性,東京,682000,4,3.5,0
709,営業,2,26,0,専門・短大,女性,東京,394000,36,3.5,0
710,マーケティング,1,24,0,高卒,女性,リモート,254000,0,4.3,1
711,管理部門,3,37,4,院卒,女性,東京,546000,41,4.1,0
712,営業,2,53,13,高卒,女性,東京,518000,32,4.7,0
713,管理部門,1,27,3,大卒,女性,リモート,357000,14,4.8,0
714,営業,2,40,5,大卒,女性,福岡,451000,26,4.4,1
715,営業,2,51,7,大卒,男性,東京,509000,2,4.4,0
716,営業,2,28,1,大卒,男性,東京,433000,19,4.7,0
717,カスタマーサポート,1,40,4,院卒,男性,名古屋,428000,25,3.5,0
718,営業,3,28,6,大卒,女性,名古屋,534000,37,3.5,0
719,管理部門,2,28,0,大卒,女性,名古屋,453000,6,5.0,0
720,開発,2,29,2,院卒,女性,大阪,426000,2,4.2,0
721,カスタマーサポート,1,43,8,大卒,男性,東京,435000,10,5.0,0
722,開発,4,39,10,院卒,男性,リモート,718000,19,4.8,0
723,開発,2,40,1,大卒,女性,名古屋,436000,23,4.7,0
724,管理部門,1,36,2,大卒,男性,福岡,387000,22,4.6,1
725,開発,3,31,5,専門・短大,男性,名古屋,571000,27,3.2,0
726,開発,4,46,10,院卒,女性,大阪,706000,31,5.0,0
727,営業,2,34,6,高卒,男性,名古屋,448000,5,4.8,0
728,開発,2,39,6,大卒,男性,大阪,500000,29,4.2,0
729,営業,2,36,4,院卒,女性,東京,509000,11,3.4,0
730,マーケティング,1,32,7,専門・短大,女性,福岡,348000,3,5.0,0
731,開発,3,40,8,大卒,男性,東京,579000,40,3.2,0
732,マーケティング,1,38,7,大卒,女性,リモート,421000,45,4.6,1
733,開発,1,46,7,大卒,女性,名古屋,440000,11,3.9,0
734,開発,2,38,5,大卒,男性,名古屋,472000,4,3.7,0
735,開発,2,31,2,大卒,男性,名古屋,475000,17,3.9,0
736,人事,2,37,5,高卒,女性,名古屋,441000,25,4.7,0
737,カスタマーサポート,3,44,7,大卒,男性,東京,592000,24,2.0,0
738,開発,1,22,0,高卒,男性,東京,258000,9,3.2,0
739,カスタマーサポート,4,48,9,専門・短大,男性,名古屋,578000,23,4.8,0
740,管理部門,1,31,6,大卒,女性,東京,352000,6,4.4,0
741,カスタマーサポート,2,45,7,専門・短大,男性,名古屋,467000,20,3.3,1
742,開発,1,35,3,院卒,女性,東京,434000,40,3.4,0
743,営業,1,45,9,大卒,女性,東京,416000,9,3.5,0
744,開発,4,50,11,専門・短大,男性,名古屋,608000,2,4.2,1
745,開発,5,28,6,専門・短大,女性,東京,632000,26,4.4,0
746,カスタマーサポート,2,32,3,大卒,女性,名古屋,443000,7,3.3,0
747,開発,2,48,11,大卒,女性,東京,494000,39,4.6,0
748,営業,3,37,1,大卒,女性,リモート,426000,27,3.7,0
749,開発,3,29,0,院卒,男性,東京,488000,24,4.4,0
750,マーケティング,1,48,12,大卒,男性,大阪,446000,5,3.5,0
751,営業,1,46,11,大卒,男性,東京,423000,22,3.9,0
752,営業,2,23,0,大卒,男性,名古屋,444000,21,3.3,0
753,管理部門,2,50,4,高卒,女性,福岡,446000,11,3.6,0
754,営業,2,33,2,大卒,男性,東京,443000,25,2.8,0
755,営業,2,44,5,大卒,男性,東京,469000,25,4.2,1
756,開発,3,47,9,専門・短大,男性,名古屋,547000,15,3.1,0
757,営業,4,49,6,大卒,男性,東京,608000,30,4.5,0
758,マーケティング,4,45,11,大卒,男性,東京,703000,15,4.3,0
759,カスタマーサポート,1,41,4,大卒,男性,大阪,406000,8,4.2,0
760,開発,2,31,3,院卒,男性,大阪,440000,36,3.4,0
761,開発,3,42,8,大卒,男性,リモート,594000,26,3.3,0
762,営業,4,28,1,院卒,女性,東京,596000,21,3.5,0
763,開発,5,35,9,専門・短大,女性,東京,653000,35,3.2,0
764,開発,3,50,12,専門・短大,男性,東京,556000,26,3.3,0
765,管理部門,4,50,8,大卒,女性,東京,639000,20,4.0,0
766,カスタマーサポート,1,45,8,大卒,女性,リモート,445000,27,3.7,1
767,営業,3,36,1,大卒,女性,福岡,532000,26,3.1,0
768,営業,3,36,1,専門・短大,女性,大阪,505000,13,3.5,0
769,カスタマーサポート,3,30,1,大卒,男性,名古屋,463000,29,3.4,0
770,カスタマーサポート,5,41,7,専門・短大,女性,大阪,623000,3,4.3,0
771,マーケティング,1,46,7,大卒,女性,リモート,420000,27,3.8,0
772,開発,1,28,1,大卒,女性,リモート,374000,26,2.9,1
773,カスタマーサポート,2,41,7,大卒,男性,リモート,466000,4,3.5,0
774,マーケティング,1,34,10,大卒,男性,東京,374000,0,3.9,0
775,人事,5,52,7,専門・短大,女性,札幌,621000,48,3.2,0
776,人事,2,37,4,大卒,男性,リモート,444000,19,5.0,0
777,開発,2,43,6,専門・短大,男性,リモート,461000,27,3.1,0
778,営業,3,28,5,院卒,女性,大阪,574000,33,2.6,0
779,開発,1,36,7,大卒,男性,東京,465000,26,3.7,0
780,営業,1,35,6,大卒,男性,東京,403000,31,3.3,0
781,人事,4,29,0,大卒,女性,大阪,617000,29,3.2,1
782,開発,1,41,6,高卒,男性,東京,332000,41,3.8,0
783,管理部門,2,43,6,大卒,男性,福岡,550000,15,5.0,0
784,人事,1,34,2,高卒,男性,東京,273000,23,4.2,1
785,開発,1,22,1,大卒,女性,リモート,356000,31,3.2,0
786,営業,3,49,7,大卒,男性,東京,564000,17,3.9,0
787,営業,2,46,7,高卒,男性,東京,461000,35,4.0,0
788,営業,2,22,0,専門・短大,女性,大阪,413000,14,4.4,0
789,開発,4,30,0,大卒,女性,東京,590000,26,3.1,0
790,開発,1,34,6,院卒,女性,東京,391000,25,2.2,0
791,マーケティング,1,34,3,大卒,男性,リモート,411000,26,2.1,1
792,マーケティング,1,39,3,大卒,男性,リモート,361000,6,4.0,0
793,人事,4,42,4,大卒,男性,東京,543000,28,4.6,0
794,開発,2,28,4,専門・短大,女性,東京,387000,52,2.7,0
795,営業,3,48,10,大卒,女性,リモート,579000,20,4.1,1
796,営業,3,42,6,高卒,女性,リモート,520000,45,3.1,0
797,営業,3,37,7,専門・短大,男性,リモート,539000,22,4.8,0
798,営業,1,49,11,大卒,男性,東京,433000,13,3.5,0
799,人事,2,53,14,大卒,男性,大阪,513000,16,4.7,0
800,人事,1,44,9,院卒,男性,札幌,496000,20,4.0,0
801,営業,2,33,3,大卒,女性,東京,441000,20,3.1,0
802,開発,3,49,12,大卒,女性,リモート,609000,16,4.8,0
803,カスタマーサポート,3,36,1,大卒,女性,リモート,477000,24,3.3,0
804,マーケティング,5,26,0,大卒,女性,名古屋,672000,26,3.9,0
805,開発,4,32,6,大卒,男性,大阪,632000,4,4.5,0
806,カスタマーサポート,1,35,3,大卒,女性,福岡,315000,18,2.5,1
807,人事,4,53,10,専門・短大,男性,東京,620000,6,4.1,0
808,カスタマーサポート,3,40,9,専門・短大,女性,名古屋,523000,21,5.0,0
809,管理部門,1,37,1,専門・短大,男性,大阪,319000,13,4.8,0
810,人事,2,42,9,大卒,男性,東京,537000,11,4.6,0
811,開発,2,43,6,大卒,男性,大阪,514000,31,2.6,0
812,管理部門,2,40,8,大卒,女性,東京,557000,35,4.7,0
813,開発,2,41,7,大卒,女性,大阪,550000,14,3.5,0
814,カスタマーサポート,3,40,9,院卒,男性,大阪,614000,6,4.5,0
815,開発,3,44,9,専門・短大,女性,大阪,542000,9,3.4,0
816,管理部門,1,35,0,高卒,男性,東京,324000,39,3.8,1
817,開発,2,48,13,院卒,男性,大阪,610000,26,3.7,0
818,営業,4,59,15,専門・短大,男性,東京,670000,13,4.9,0
819,マーケティング,3,44,6,専門・短大,女性,東京,494000,16,3.7,1
820,マーケティング,5,47,8,専門・短大,女性,リモート,690000,15,3.6,0
821,開発,1,37,0,専門・短大,女性,リモート,320000,33,4.7,0
822,開発,2,42,5,専門・短大,男性,福岡,371000,22,4.0,0
823,人事,3,43,16,院卒,男性,東京,651000,1,3.9,0
824,開発,2,46,5,大卒,男性,名古屋,465000,11,3.7,1
825,開発,5,46,4,専門・短大,男性,東京,692000,0,4.2,0
826,営業,3,33,4,大卒,男性,福岡,505000,22,3.4,0
827,営業,3,40,4,大卒,女性,東京,498000,18,4.1,0
828,営業,2,37,2,大卒,女性,大阪,449000,28,3.7,0
829,開発,2,38,9,大卒,女性,東京,478000,27,2.6,0
830,開発,3,27,3,大卒,男性,東京,507000,25,2.9,1
831,営業,2,48,10,高卒,男性,東京,486000,13,3.8,0
832,カスタマーサポート,3,28,0,大卒,男性,名古屋,470000,37,1.5,0
833,人事,2,43,5,大卒,女性,東京,483000,16,3.3,0
834,カスタマーサポート,3,32,8,専門・短大,男性,名古屋,506000,16,5.0,0
835,開発,1,22,0,院卒,男性,リモート,349000,15,4.4,0
836,カスタマーサポート,3,32,4,専門・短大,女性,東京,526000,12,2.7,0
837,人事,1,42,4,大卒,男性,東京,391000,47,4.0,0
838,開発,1,35,5,高卒,女性,大阪,317000,27,3.2,0
839,マーケティング,3,46,15,院卒,男性,東京,650000,25,2.5,0
840,人事,2,56,13,大卒,男性,リモート,552000,12,4.0,0
841,開発,4,36,10,大卒,男性,名古屋,667000,27,3.0,0
842,営業,1,31,3,大卒,男性,リモート,404000,2,4.0,0
843,開発,2,45,12,大卒,女性,東京,540000,23,2.6,1
844,営業,3,31,6,大卒,女性,東京,529000,19,3.7,0
845,開発,4,41,9,専門・短大,男性,名古屋,631000,29,2.9,0
846,営業,1,43,7,高卒,男性,東京,416000,16,3.9,0
847,開発,3,34,6,大卒,男性,大阪,593000,24,3.4,0
848,営業,2,32,4,院卒,男性,東京,447000,22,3.3,0
849,人事,3,22,0,専門・短大,女性,東京,441000,28,2.4,1
850,営業,1,39,4,高卒,女性,東京,344000,36,3.3,0
851,開発,2,50,10,院卒,男性,東京,545000,14,4.1,1
852,マーケティング,5,33,5,大卒,男性,東京,661000,12,3.4,0
853,マーケティング,3,42,2,高卒,男性,大阪,493000,34,2.7,1
854,開発,1,41,11,大卒,男性,東京,475000,1,3.5,0
855,開発,3,49,9,大卒,男性,大阪,603000,30,3.6,0
856,カスタマーサポート,1,29,3,院卒,男性,東京,426000,27,3.2,0
857,営業,3,35,0,大卒,男性,東京,541000,21,3.8,1
858,開発,3,29,6,専門・短大,男性,大阪,513000,26,2.5,0
859,営業,2,33,4,大卒,男性,リモート,423000,5,3.7,0
860,開発,1,28,0,専門・短大,男性,福岡,373000,0,5.0,0
861,カスタマーサポート,4,49,3,院卒,女性,リモート,656000,16,4.7,0
862,営業,1,27,3,高卒,男性,大阪,352000,10,5.0,0
863,管理部門,3,35,3,院卒,男性,大阪,549000,28,2.5,0
864,マーケティング,3,48,8,大卒,男性,東京,556000,26,3.2,1
865,営業,2,37,3,大卒,男性,大阪,447000,21,2.0,0
866,マーケティング,1,29,0,大卒,男性,リモート,352000,20,4.2,0
867,管理部門,2,28,2,大卒,女性,名古屋,424000,33,2.9,0
868,営業,2,41,9,大卒,女性,東京,469000,7,3.9,0
869,開発,2,23,0,専門・短大,女性,リモート,348000,15,4.9,0
870,マーケティング,2,30,0,大卒,男性,東京,384000,21,4.2,0
871,開発,2,48,9,大卒,男性,札幌,490000,14,4.4,0
872,営業,1,46,9,大卒,男性,大阪,484000,17,3.7,0
873,管理部門,1,29,3,大卒,女性,福岡,344000,0,3.9,0
874,カスタマーサポート,3,44,11,大卒,男性,リモート,590000,11,3.0,0
875,マーケティング,3,34,4,専門・短大,男性,福岡,446000,0,4.6,0
876,カスタマーサポート,1,32,0,大卒,男性,東京,322000,27,3.9,0
877,営業,2,34,2,大卒,女性,大阪,420000,11,4.1,0
878,開発,2,30,1,高卒,女性,名古屋,411000,18,3.4,1
879,開発,4,32,9,専門・短大,女性,大阪,618000,42,3.0,0
880,開発,3,41,3,高卒,女性,福岡,466000,26,4.5,0
881,営業,4,38,2,専門・短大,女性,大阪,569000,26,4.7,0
882,営業,3,33,4,高卒,男性,東京,430000,31,4.2,0
883,開発,4,53,11,院卒,女性,名古屋,730000,52,4.2,0
884,開発,2,33,4,大卒,女性,札幌,451000,3,4.7,0
885,営業,1,30,3,大卒,男性,東京,307000,40,2.7,0
886,マーケティング,3,30,2,高卒,女性,東京,487000,25,3.4,0
887,開発,2,26,0,専門・短大,女性,名古屋,420000,12,3.7,0
888,開発,3,22,7,大卒,男性,東京,489000,22,5.0,0
889,マーケティング,2,50,13,高卒,女性,東京,480000,16,5.0,0
890,営業,2,53,9,専門・短大,女性,大阪,536000,18,3.8,0
891,管理部門,2,35,0,大卒,男性,札幌,405000,13,3.2,0
892,管理部門,1,30,4,専門・短大,男性,東京,327000,6,4.3,0
893,営業,2,23,1,専門・短大,女性,東京,380000,13,3.9,0
894,営業,1,36,4,専門・短大,男性,大阪,347000,25,3.2,1
895,カスタマーサポート,1,37,6,専門・短大,男性,大阪,431000,34,2.7,0
896,開発,4,54,12,高卒,女性,リモート,598000,21,4.2,0
897,カスタマーサポート,3,43,8,大卒,男性,リモート,593000,31,3.3,0
898,管理部門,1,47,13,大卒,女性,東京,466000,24,2.1,0
899,カスタマーサポート,3,43,8,院卒,男性,福岡,577000,17,4.1,0
900,営業,5,23,0,院卒,男性,大阪,708000,35,3.5,0
901,営業,2,44,3,大卒,女性,東京,412000,13,4.3,0
902,開発,2,28,2,大卒,女性,東京,422000,6,4.2,0
903,管理部門,4,33,2,専門・短大,女性,リモート,592000,18,3.6,0
904,カスタマーサポート,5,30,8,高卒,女性,名古屋,615000,17,3.9,0
905,営業,2,28,2,大卒,男性,東京,476000,15,3.8,0
906,マーケティング,1,38,8,大卒,男性,東京,426000,19,3.4,0
907,営業,3,45,9,院卒,男性,東京,576000,14,3.8,0
908,マーケティング,3,29,6,大卒,女性,名古屋,522000,27,3.4,0
909,営業,3,37,1,大卒,男性,東京,559000,12,4.1,0
910,カスタマーサポート,2,52,13,高卒,男性,リモート,504000,33,4.0,0
911,開発,1,40,4,大卒,女性,札幌,402000,7,4.3,0
912,営業,1,48,5,高卒,女性,東京,374000,20,4.4,0
913,営業,1,29,4,高卒,男性,札幌,343000,3,4.3,0
914,営業,2,44,5,高卒,男性,リモート,476000,0,4.4,0
915,カスタマーサポート,3,26,0,大卒,女性,名古屋,462000,0,3.8,0
916,管理部門,3,44,6,大卒,男性,大阪,565000,22,3.1,0
917,営業,1,36,10,高卒,女性,大阪,359000,20,2.9,0
918,カスタマーサポート,2,46,12,大卒,女性,大阪,543000,33,3.7,1
919,カスタマーサポート,4,24,5,大卒,女性,東京,530000,34,3.3,0
920,マーケティング,4,46,6,大卒,女性,東京,604000,30,3.5,0
921,人事,3,38,3,大卒,女性,大阪,570000,15,4.8,0
922,営業,4,52,17,大卒,男性,大阪,705000,21,4.9,0
923,開発,2,39,7,大卒,男性,大阪,509000,10,5.0,0
924,人事,2,44,9,大卒,女性,リモート,469000,39,4.7,0
925,営業,4,35,4,大卒,女性,名古屋,615000,18,4.9,0
926,カスタマーサポート,1,31,2,専門・短大,女性,札幌,334000,4,4.2,0
927,カスタマーサポート,2,23,0,大卒,女性,東京,434000,25,3.1,0
928,カスタマーサポート,3,58,13,専門・短大,女性,大阪,579000,21,2.1,0
929,開発,1,28,0,大卒,女性,福岡,330000,23,2.3,0
930,営業,4,32,5,専門・短大,男性,東京,602000,13,4.8,0
931,カスタマーサポート,3,25,0,院卒,男性,大阪,486000,23,3.3,0
932,マーケティング,4,34,6,専門・短大,男性,東京,617000,30,3.1,0
933,営業,1,39,4,高卒,男性,大阪,328000,33,3.6,0
934,営業,4,34,3,大卒,男性,リモート,601000,32,2.6,0
935,カスタマーサポート,3,36,3,大卒,男性,東京,513000,10,3.9,0
936,営業,1,35,0,大卒,女性,リモート,331000,0,3.5,0
937,営業,3,39,4,院卒,男性,リモート,535000,27,3.5,0
938,人事,3,32,4,大卒,男性,リモート,531000,12,2.8,0
939,開発,1,30,2,大卒,女性,東京,381000,9,4.5,0
940,管理部門,1,37,5,大卒,女性,東京,389000,26,4.4,0
941,カスタマーサポート,2,49,14,大卒,男性,東京,570000,42,3.2,0
942,カスタマーサポート,2,39,17,大卒,女性,大阪,496000,33,3.1,0
943,管理部門,2,32,7,高卒,女性,東京,432000,28,3.4,0
944,人事,4,48,9,大卒,男性,東京,669000,14,4.4,0
945,開発,1,35,7,大卒,男性,リモート,388000,38,3.4,0
946,営業,4,47,11,大卒,女性,東京,653000,44,4.9,0
947,管理部門,2,22,2,院卒,男性,大阪,398000,0,3.5,0
948,開発,3,31,5,大卒,女性,東京,609000,30,3.7,0
949,人事,2,45,7,高卒,女性,リモート,492000,10,4.5,0
950,開発,1,47,11,大卒,男性,東京,393000,18,3.7,0
951,マーケティング,2,35,3,院卒,女性,リモート,502000,8,3.6,0
952,開発,1,42,7,大卒,女性,名古屋,432000,25,2.8,0
953,管理部門,1,34,10,大卒,男性,名古屋,416000,27,3.7,1
954,営業,2,56,13,院卒,男性,名古屋,536000,26,2.3,1
955,カスタマーサポート,1,39,7,院卒,男性,大阪,451000,31,5.0,0
956,管理部門,2,36,9,高卒,男性,大阪,454000,17,4.5,0
957,マーケティング,2,28,0,高卒,男性,東京,338000,47,4.6,1
958,管理部門,2,40,9,大卒,男性,名古屋,458000,0,3.3,0
959,営業,2,27,6,院卒,男性,大阪,532000,8,4.6,0
960,営業,1,49,11,大卒,女性,大阪,446000,23,5.0,0
961,開発,2,24,7,大卒,女性,東京,463000,11,3.1,0
962,人事,5,28,1,大卒,男性,名古屋,662000,15,4.0,0
963,営業,4,38,2,専門・短大,女性,リモート,578000,25,3.5,0
964,開発,4,35,4,大卒,男性,東京,600000,23,3.9,0
965,開発,5,38,6,専門・短大,男性,大阪,742000,16,4.2,0
966,開発,2,52,9,大卒,男性,大阪,516000,40,2.6,0
967,マーケティング,1,37,0,院卒,男性,福岡,358000,25,2.4,0
968,マーケティング,4,37,7,大卒,男性,大阪,609000,26,1.7,0
969,カスタマーサポート,2,50,9,大卒,男性,名古屋,478000,9,4.3,0
970,開発,3,28,0,院卒,女性,リモート,488000,12,4.5,0
971,マーケティング,3,43,10,専門・短大,女性,東京,516000,22,3.8,0
972,営業,1,42,6,大卒,男性,リモート,438000,7,3.8,0
973,開発,2,36,6,院卒,男性,リモート,483000,17,4.7,0
974,営業,2,43,12,大卒,男性,リモート,510000,31,1.9,1
975,開発,4,35,2,大卒,男性,東京,605000,0,4.3,0
976,マーケティング,4,47,7,高卒,女性,名古屋,615000,31,3.3,0
977,開発,2,27,3,高卒,女性,東京,373000,10,4.0,0
978,開発,1,49,4,院卒,女性,リモート,431000,15,2.9,0
979,マーケティング,2,22,1,大卒,男性,東京,432000,14,4.3,0
980,営業,2,34,1,専門・短大,女性,リモート,364000,8,5.0,0
981,営業,2,43,7,大卒,男性,東京,460000,30,4.3,0
982,開発,2,44,7,専門・短大,男性,東京,481000,16,1.5,0
983,マーケティング,3,30,6,大卒,女性,東京,574000,11,3.6,0
984,人事,2,34,8,大卒,男性,大阪,471000,38,3.7,1
985,開発,3,40,5,高卒,男性,東京,506000,29,3.3,1
986,マーケティング,3,45,7,高卒,女性,東京,545000,20,4.8,0
987,開発,4,30,7,院卒,男性,福岡,646000,21,3.3,0
988,営業,1,45,7,院卒,女性,大阪,418000,31,2.9,1
989,開発,1,39,9,専門・短大,女性,東京,345000,16,4.2,0
990,開発,1,22,0,大卒,男性,東京,332000,9,4.0,0
991,営業,3,46,10,大卒,男性,名古屋,527000,20,3.3,0
992,営業,2,34,2,大卒,女性,東京,440000,32,2.3,0
993,開発,4,47,3,大卒,男性,大阪,649000,39,2.7,1
994,開発,1,46,5,大卒,男性,福岡,392000,11,4.6,0
995,カスタマーサポート,3,59,15,高卒,男性,リモート,601000,26,4.4,1
996,開発,2,22,0,専門・短大,男性,大阪,372000,16,3.1,1
997,マーケティング,2,37,5,高卒,男性,東京,487000,14,4.0,0
998,マーケティング,4,38,6,高卒,女性,リモート,552000,32,3.8,0
999,開発,3,40,9,大卒,男性,大阪,489000,17,2.5,0
1000,開発,3,47,9,大卒,女性,名古屋,637000,22,2.7,0
1001,開発,3,33,9,大卒,女性,東京,559000,10,4.3,0
1002,開発,4,39,5,院卒,女性,東京,614000,19,5.0,0
1003,開発,2,38,4,専門・短大,男性,東京,416000,20,4.9,0
1004,開発,4,39,8,大卒,男性,福岡,638000,2,3.7,0
1005,開発,3,50,6,院卒,男性,福岡,608000,40,3.0,0
1006,マーケティング,2,40,5,高卒,女性,リモート,404000,17,2.7,0
1007,管理部門,1,41,5,専門・短大,男性,リモート,380000,15,3.8,0
1008,開発,2,29,0,専門・短大,男性,福岡,386000,9,4.0,0
1009,開発,2,61,11,大卒,女性,名古屋,527000,34,3.9,0
1010,営業,1,30,1,大卒,男性,リモート,291000,25,2.7,1
1011,開発,3,31,7,大卒,女性,リモート,536000,30,3.3,0
1012,管理部門,1,42,8,大卒,男性,東京,435000,48,3.4,0
1013,開発,2,34,3,院卒,女性,東京,495000,18,4.2,0
1014,カスタマーサポート,3,42,7,専門・短大,男性,東京,593000,12,3.2,0
1015,営業,2,35,6,高卒,男性,大阪,428000,14,3.8,0
1016,カスタマーサポート,4,45,7,院卒,男性,リモート,681000,33,4.2,0
1017,マーケティング,4,27,0,大卒,男性,東京,539000,9,2.3,0
1018,マーケティング,1,43,7,大卒,男性,東京,392000,10,3.7,0
1019,営業,2,33,1,大卒,男性,名古屋,382000,12,3.3,0
1020,カスタマーサポート,3,56,12,院卒,男性,福岡,676000,19,3.8,0
1021,人事,1,28,0,大卒,女性,札幌,333000,28,4.3,0
1022,カスタマーサポート,1,53,12,高卒,男性,札幌,343000,16,4.1,0
1023,マーケティング,2,28,7,大卒,女性,東京,490000,31,4.5,0
1024,開発,3,55,7,高卒,男性,福岡,516000,13,4.6,0
1025,人事,1,41,9,院卒,女性,リモート,398000,25,4.1,0
1026,マーケティング,4,39,10,専門・短大,男性,東京,633000,35,3.7,1
1027,営業,3,35,5,専門・短大,男性,東京,522000,25,3.5,0
1028,開発,2,37,8,専門・短大,女性,リモート,405000,16,3.8,0
1029,開発,2,31,2,専門・短大,男性,東京,425000,40,4.2,0
1030,営業,2,57,6,大卒,女性,福岡,527000,16,4.0,0
1031,開発,2,51,13,院卒,男性,札幌,569000,21,3.6,0
1032,開発,1,37,0,専門・短大,女性,福岡,372000,41,4.1,0
1033,開発,2,27,4,専門・短大,女性,名古屋,410000,11,4.2,0
1034,営業,1,29,0,大卒,女性,リモート,369000,36,4.5,0
1035,開発,3,47,5,大卒,女性,札幌,539000,7,5.0,0
1036,開発,3,41,4,専門・短大,女性,東京,493000,32,2.8,1
1037,開発,2,38,3,大卒,女性,福岡,487000,32,4.2,0
1038,開発,3,31,1,大卒,男性,東京,498000,12,3.4,0
1039,開発,4,38,8,専門・短大,男性,リモート,566000,29,4.3,0
1040,営業,1,54,7,大卒,男性,大阪,440000,24,2.9,0
1041,カスタマーサポート,1,44,10,大卒,男性,東京,406000,34,2.9,0
1042,営業,1,29,0,院卒,女性,リモート,359000,27,4.2,0
1043,営業,1,60,12,高卒,男性,大阪,458000,20,3.8,0
1044,マーケティング,4,30,3,大卒,男性,大阪,643000,16,4.7,0
1045,営業,1,30,2,専門・短大,男性,リモート,267000,26,3.1,0
1046,開発,3,48,8,専門・短大,男性,大阪,504000,3,4.3,0
1047,カスタマーサポート,5,34,6,大卒,女性,大阪,703000,21,5.0,0
1048,管理部門,1,46,13,高卒,女性,東京,393000,19,4.1,0
1049,管理部門,1,32,5,専門・短大,男性,リモート,390000,18,3.8,0
1050,カスタマーサポート,1,34,8,大卒,男性,東京,414000,13,3.3,1
1051,管理部門,1,34,0,高卒,女性,大阪,296000,17,4.0,0
1052,カスタマーサポート,2,26,0,専門・短大,男性,福岡,339000,29,4.3,0
1053,開発,2,28,5,専門・短大,男性,東京,433000,19,4.1,0
1054,営業,3,26,0,大卒,男性,東京,492000,3,5.0,0
1055,開発,1,33,4,大卒,女性,東京,375000,28,3.2,0
1056,人事,4,43,14,専門・短大,女性,東京,631000,37,4.2,0
1057,開発,2,40,3,大卒,女性,リモート,472000,0,4.0,0
1058,カスタマーサポート,3,41,2,専門・短大,女性,大阪,572000,9,4.0,0
1059,カスタマーサポート,2,41,11,専門・短大,女性,大阪,483000,28,3.7,0
1060,開発,2,42,8,大卒,男性,東京,467000,21,3.7,0
1061,開発,3,48,10,専門・短大,女性,名古屋,580000,1,4.2,0
1062,開発,1,37,0,専門・短大,男性,福岡,387000,5,5.0,0
1063,管理部門,3,27,0,大卒,男性,東京,504000,0,4.8,0
1064,人事,2,37,5,院卒,男性,東京,486000,5,4.2,0
1065,開発,2,28,4,院卒,女性,東京,412000,36,3.5,0
1066,マーケティング,1,27,7,大卒,女性,大阪,373000,17,2.9,0
1067,開発,3,47,8,専門・短大,男性,福岡,554000,3,3.9,0
1068,マーケティング,4,55,4,大卒,男性,東京,663000,11,4.4,0
1069,人事,2,23,2,院卒,女性,東京,465000,41,2.4,0
1070,営業,3,39,8,大卒,男性,大阪,530000,11,5.0,0
1071,人事,2,22,1,大卒,女性,名古屋,423000,12,4.3,0
1072,開発,3,42,7,高卒,女性,福岡,504000,23,4.0,0
1073,開発,3,27,2,大卒,女性,リモート,486000,18,4.1,0
1074,カスタマーサポート,4,47,11,高卒,女性,大阪,625000,18,4.4,0
1075,営業,3,22,0,高卒,男性,東京,398000,21,3.5,0
1076,管理部門,1,37,4,大卒,男性,大阪,373000,24,4.0,0
1077,営業,3,34,0,院卒,女性,東京,521000,17,4.2,0
1078,マーケティング,4,45,5,大卒,女性,大阪,672000,33,3.8,0
1079,カスタマーサポート,1,37,4,大卒,男性,東京,367000,35,3.1,0
1080,営業,4,34,2,高卒,女性,東京,547000,41,3.9,0
1081,営業,4,35,4,院卒,男性,名古屋,583000,28,4.5,0
1082,開発,3,45,6,専門・短大,女性,リモート,570000,23,3.6,0
1083,マーケティング,3,22,1,高卒,女性,リモート,419000,7,4.9,0
1084,カスタマーサポート,2,37,8,大卒,男性,東京,461000,0,4.8,1
1085,管理部門,1,30,1,院卒,男性,東京,380000,8,4.1,0
1086,開発,3,43,11,大卒,男性,東京,577000,10,2.8,0
1087,開発,2,45,11,院卒,男性,大阪,532000,0,4.6,0
1088,管理部門,4,38,5,大卒,男性,リモート,668000,7,4.9,0
1089,マーケティング,1,37,6,大卒,女性,福岡,390000,12,3.1,0
1090,営業,1,29,2,高卒,男性,大阪,331000,2,3.3,0
1091,カスタマーサポート,1,36,7,大卒,男性,リモート,320000,21,3.9,0
1092,人事,1,22,0,大卒,女性,東京,343000,28,2.3,0
1093,営業,1,52,8,大卒,女性,札幌,431000,32,2.9,0
1094,開発,2,29,0,大卒,女性,リモート,388000,39,3.7,0
1095,営業,3,34,5,専門・短大,女性,名古屋,498000,15,4.1,0
1096,営業,1,48,17,大卒,男性,大阪,485000,26,3.4,0
1097,開発,1,40,8,院卒,女性,大阪,467000,7,3.8,0
1098,開発,2,30,0,大卒,女性,名古屋,452000,34,4.3,0
1099,開発,1,30,4,高卒,女性,東京,309000,22,3.7,0
1100,開発,5,39,8,大卒,男性,東京,712000,27,3.6,0
1101,マーケティング,3,49,11,大卒,男性,大阪,601000,32,2.8,1
1102,カスタマーサポート,1,35,7,専門・短大,女性,名古屋,364000,1,3.6,0
1103,マーケティング,2,39,12,大卒,女性,リモート,521000,42,4.8,0
1104,カスタマーサポート,1,41,8,大卒,男性,福岡,434000,34,3.1,1
1105,マーケティング,2,40,7,高卒,女性,東京,464000,33,2.2,0
1106,開発,1,38,1,専門・短大,男性,東京,306000,21,4.2,0
1107,管理部門,1,37,2,大卒,男性,大阪,321000,21,4.1,0
1108,開発,2,41,7,院卒,女性,リモート,510000,23,4.6,0
1109,カスタマーサポート,4,53,11,大卒,男性,札幌,692000,8,4.2,0
1110,カスタマーサポート,3,36,5,大卒,男性,東京,525000,0,3.5,0
1111,開発,1,43,13,大卒,男性,東京,471000,10,3.1,0
1112,営業,4,36,4,大卒,女性,東京,564000,17,3.9,1
1113,営業,4,43,12,高卒,男性,福岡,626000,16,3.3,0
1114,カスタマーサポート,3,38,4,大卒,男性,福岡,496000,21,3.7,0
1115,営業,2,43,8,大卒,女性,名古屋,487000,15,5.0,0
1116,営業,4,41,4,専門・短大,男性,東京,575000,21,3.5,0
1117,管理部門,3,40,0,高卒,男性,大阪,467000,14,2.9,0
1118,開発,4,42,9,大卒,女性,福岡,628000,33,3.4,0
1119,管理部門,1,31,6,大卒,男性,東京,375000,16,5.0,0
1120,営業,2,46,10,高卒,男性,リモート,516000,26,3.8,0
1121,営業,3,42,8,高卒,男性,東京,559000,42,2.4,0
1122,営業,1,53,11,大卒,男性,東京,475000,19,3.5,0
1123,営業,3,28,0,大卒,女性,リモート,483000,17,5.0,0
1124,管理部門,3,32,0,院卒,女性,東京,517000,24,4.0,0
1125,開発,1,39,6,大卒,男性,福岡,382000,18,4.3,0
1126,営業,4,35,7,大卒,女性,東京,565000,30,2.6,0
1127,開発,4,43,6,大卒,男性,東京,596000,19,4.1,0
1128,営業,1,41,7,大卒,男性,東京,421000,23,3.6,0
1129,営業,3,42,13,大卒,女性,東京,653000,28,4.1,0
1130,開発,2,34,5,院卒,男性,大阪,508000,10,3.5,0
1131,営業,2,58,13,高卒,男性,大阪,486000,32,2.8,0
1132,マーケティング,5,42,5,大卒,女性,東京,685000,23,3.5,0
1133,開発,2,29,2,大卒,男性,大阪,440000,22,3.4,0
1134,開発,3,26,1,院卒,女性,大阪,532000,2,4.5,0
1135,管理部門,2,35,4,専門・短大,女性,東京,464000,24,3.1,0
1136,管理部門,4,36,10,大卒,女性,東京,681000,19,3.9,0
1137,営業,4,25,3,大卒,女性,名古屋,606000,36,3.8,0
1138,開発,2,42,7,大卒,女性,名古屋,476000,7,4.6,0
1139,営業,3,45,14,専門・短大,男性,東京,539000,22,5.0,0
1140,営業,4,23,9,大卒,男性,リモート,610000,28,4.5,0
1141,営業,4,28,4,大卒,女性,リモート,607000,15,3.3,0
1142,マーケティング,2,42,10,高卒,男性,リモート,452000,0,3.6,0
1143,営業,1,31,9,大卒,男性,大阪,365000,24,4.0,0
1144,管理部門,2,39,5,大卒,女性,東京,450000,21,4.0,0
1145,管理部門,4,47,12,大卒,女性,東京,671000,16,3.5,0
1146,営業,2,46,8,大卒,女性,リモート,462000,13,4.3,0
1147,営業,3,22,1,大卒,男性,大阪,474000,27,3.2,0
1148,管理部門,2,41,12,専門・短大,女性,名古屋,434000,12,3.5,0
1149,営業,1,45,8,大卒,女性,東京,400000,36,3.8,0
1150,開発,2,37,5,大卒,男性,東京,474000,15,4.5,0
1151,管理部門,1,32,0,大卒,男性,東京,379000,32,5.0,0
1152,営業,1,37,6,大卒,女性,東京,399000,12,4.1,0
1153,営業,3,42,10,大卒,男性,東京,556000,22,3.8,0
1154,カスタマーサポート,1,46,6,大卒,男性,福岡,405000,12,4.9,0
1155,開発,2,54,12,高卒,女性,リモート,447000,51,2.8,1
1156,開発,2,57,11,大卒,女性,東京,556000,40,3.2,0
1157,開発,2,55,10,大卒,女性,福岡,520000,9,4.6,0
1158,マーケティング,1,50,10,高卒,女性,東京,362000,5,5.0,0
1159,マーケティング,4,46,6,大卒,女性,リモート,599000,4,3.7,0
1160,開発,2,34,7,大卒,男性,札幌,485000,39,2.6,0
1161,管理部門,2,36,2,高卒,男性,大阪,375000,19,4.8,0
1162,カスタマーサポート,1,53,11,専門・短大,女性,東京,480000,32,2.9,0
1163,カスタマーサポート,4,42,10,大卒,女性,リモート,682000,42,4.3,0
1164,人事,1,47,11,大卒,男性,福岡,436000,37,4.0,0
1165,営業,5,28,4,高卒,女性,札幌,647000,5,4.0,0
1166,カスタマーサポート,4,36,8,専門・短大,女性,名古屋,590000,25,4.2,0
1167,管理部門,3,43,2,大卒,女性,東京,565000,26,3.9,1
1168,開発,2,49,6,大卒,男性,名古屋,496000,25,3.7,0
1169,営業,1,23,0,大卒,男性,名古屋,331000,32,2.7,1
1170,マーケティング,1,22,3,大卒,女性,東京,343000,17,3.7,0
1171,管理部門,3,40,5,専門・短大,男性,東京,490000,22,2.7,0
1172,営業,3,55,12,大卒,女性,リモート,622000,17,3.7,0
1173,営業,3,40,9,大卒,男性,東京,557000,42,4.0,0
1174,マーケティング,1,54,9,高卒,男性,東京,388000,20,3.8,0
1175,開発,2,43,7,高卒,女性,東京,423000,21,3.3,1
1176,開発,2,36,5,大卒,男性,東京,455000,21,3.7,0
1177,営業,1,40,6,大卒,男性,東京,382000,37,3.7,0
1178,カスタマーサポート,2,53,11,大卒,男性,東京,499000,11,4.3,0
1179,マーケティング,3,35,8,高卒,女性,東京,498000,22,4.4,1
1180,カスタマーサポート,3,50,8,高卒,女性,大阪,537000,6,5.0,0
1181,営業,5,30,5,大卒,男性,東京,691000,0,4.7,0
1182,カスタマーサポート,4,38,2,院卒,男性,大阪,629000,21,3.5,0
1183,開発,3,35,0,専門・短大,男性,リモート,499000,29,3.7,0
1184,開発,3,32,8,大卒,女性,東京,552000,16,4.8,0
1185,マーケティング,1,46,3,院卒,男性,札幌,386000,33,3.7,0
1186,管理部門,2,46,4,大卒,男性,大阪,519000,13,3.5,0
1187,営業,1,33,9,大卒,女性,大阪,348000,10,4.4,0
1188,営業,2,48,6,専門・短大,女性,大阪,455000,27,2.8,0
1189,管理部門,1,54,14,大卒,男性,札幌,487000,18,4.6,0
1190,マーケティング,3,37,9,高卒,女性,東京,549000,34,2.5,0
1191,営業,2,29,5,大卒,男性,名古屋,475000,32,2.5,0
1192,カスタマーサポート,2,36,4,高卒,男性,大阪,380000,2,3.6,0
1193,人事,3,29,5,大卒,女性,東京,557000,0,3.6,0
1194,営業,3,48,4,専門・短大,女性,リモート,483000,26,2.0,0
1195,開発,1,32,6,大卒,男性,東京,437000,29,2.9,0
1196,管理部門,1,37,7,大卒,男性,東京,414000,31,3.6,1
1197,マーケティング,2,35,3,大卒,男性,東京,433000,16,4.6,0
1198,営業,2,46,7,高卒,女性,大阪,493000,33,4.0,0
1199,営業,1,37,0,大卒,男性,名古屋,375000,27,4.5,0
1200,マーケティング,2,45,9,院卒,男性,東京,509000,0,3.6,0
1201,マーケティング,2,38,2,大卒,女性,東京,452000,30,1.9,0
1202,営業,3,42,4,院卒,男性,名古屋,617000,12,3.0,1
1203,開発,1,40,6,大卒,男性,大阪,443000,54,2.8,1
1204,営業,2,32,9,大卒,男性,札幌,536000,10,4.4,0
1205,人事,2,33,2,高卒,女性,大阪,349000,33,4.0,0
1206,営業,5,40,8,院卒,男性,東京,728000,15,3.3,0
1207,営業,4,32,5,専門・短大,男性,東京,610000,7,3.7,0
1208,管理部門,2,23,2,大卒,女性,リモート,448000,0,5.0,0
1209,営業,4,53,16,院卒,女性,名古屋,731000,46,3.8,0
1210,営業,1,45,6,大卒,女性,東京,425000,17,3.9,0
1211,営業,2,51,6,大卒,男性,東京,531000,26,4.0,0
1212,人事,1,49,6,専門・短大,男性,東京,396000,0,5.0,0
1213,開発,2,34,2,大卒,男性,東京,456000,24,3.3,1
1214,開発,3,42,6,高卒,男性,東京,497000,31,3.5,0
1215,開発,4,34,4,大卒,男性,東京,599000,11,4.5,0
1216,開発,3,30,0,大卒,女性,リモート,517000,8,4.8,0
1217,営業,2,22,2,高卒,男性,大阪,343000,43,2.9,0
1218,営業,4,34,9,大卒,女性,大阪,652000,22,3.5,0
1219,営業,1,37,6,院卒,女性,東京,423000,11,4.8,0
1220,開発,2,27,1,大卒,女性,東京,364000,43,4.4,0
1221,開発,3,32,5,大卒,男性,名古屋,485000,26,3.0,0
1222,カスタマーサポート,1,27,6,大卒,女性,名古屋,367000,11,4.2,1
1223,営業,2,30,7,大卒,男性,東京,457000,1,2.9,0
1224,開発,4,28,2,専門・短大,女性,東京,544000,29,3.1,0
1225,開発,1,42,10,大卒,女性,名古屋,518000,14,3.9,0
1226,営業,1,48,7,大卒,男性,東京,437000,10,4.1,0
1227,営業,3,24,3,大卒,女性,福岡,488000,9,3.7,0
1228,マーケティング,2,55,6,院卒,男性,札幌,470000,9,3.8,0
1229,営業,1,44,10,大卒,女性,札幌,390000,29,2.6,0
1230,開発,2,45,6,高卒,男性,東京,415000,17,3.4,0
1231,営業,1,35,6,大卒,男性,札幌,390000,8,4.8,0
1232,営業,1,33,1,大卒,男性,福岡,369000,25,4.7,1
1233,マーケティング,1,22,0,大卒,男性,リモート,313000,11,4.3,0
1234,営業,5,28,0,院卒,男性,大阪,660000,19,4.7,0
1235,開発,2,45,5,大卒,女性,福岡,498000,0,4.4,0
1236,カスタマーサポート,2,24,0,高卒,男性,東京,411000,38,5.0,0
1237,営業,1,33,4,大卒,女性,東京,370000,20,4.1,0
1238,開発,1,43,10,大卒,女性,東京,422000,26,4.2,0
1239,営業,1,41,7,高卒,女性,リモート,345000,26,4.2,0
1240,カスタマーサポート,3,35,8,大卒,女性,東京,534000,10,3.8,0
1241,開発,4,38,3,大卒,男性,リモート,644000,33,3.4,0
1242,カスタマーサポート,3,40,9,大卒,男性,東京,535000,14,3.0,0
1243,マーケティング,2,23,4,専門・短大,女性,東京,483000,1,4.5,0
1244,カスタマーサポート,2,34,5,大卒,男性,札幌,521000,30,3.6,0
1245,管理部門,3,40,6,専門・短大,女性,東京,512000,31,3.1,0
1246,開発,2,29,0,大卒,男性,福岡,453000,24,3.2,0
1247,管理部門,3,36,8,院卒,女性,大阪,557000,16,3.3,0
1248,マーケティング,4,31,2,専門・短大,男性,リモート,567000,20,4.1,0
1249,開発,2,47,1,大卒,女性,東京,448000,18,3.6,0
1250,営業,5,41,13,大卒,男性,大阪,724000,10,2.6,1
1251,営業,1,42,10,専門・短大,女性,大阪,369000,20,3.5,1
1252,マーケティング,1,42,6,高卒,女性,東京,408000,17,4.2,0
1253,マーケティング,2,22,2,大卒,女性,大阪,370000,7,3.7,0
1254,開発,1,39,5,院卒,女性,札幌,353000,29,3.6,0
1255,人事,2,24,1,大卒,女性,東京,409000,29,3.8,0
1256,カスタマーサポート,2,30,4,院卒,女性,名古屋,472000,3,4.0,0
1257,営業,3,43,6,院卒,男性,リモート,625000,0,4.7,0
1258,営業,4,51,8,院卒,男性,東京,717000,19,3.6,0
1259,営業,2,49,13,大卒,男性,東京,543000,13,3.2,0
1260,開発,2,24,2,専門・短大,女性,リモート,375000,15,4.2,0
1261,営業,4,29,2,高卒,男性,リモート,615000,22,4.3,0
1262,カスタマーサポート,2,22,1,大卒,男性,リモート,420000,6,5.0,0
1263,管理部門,2,43,7,専門・短大,男性,リモート,486000,20,4.0,0
1264,営業,1,27,5,専門・短大,男性,東京,330000,1,5.0,0
1265,営業,2,48,10,院卒,女性,福岡,514000,32,2.9,1
1266,営業,5,40,3,大卒,女性,名古屋,606000,24,3.6,0
1267,開発,1,42,9,大卒,男性,東京,372000,17,3.5,0
1268,カスタマーサポート,3,33,5,専門・短大,女性,東京,482000,25,2.7,0
1269,営業,1,45,11,高卒,男性,東京,375000,17,3.1,0
1270,営業,4,54,12,大卒,男性,大阪,683000,34,2.6,0
1271,営業,1,23,0,大卒,男性,リモート,307000,11,3.2,0
1272,営業,4,39,8,大卒,女性,札幌,572000,0,3.6,0
1273,開発,3,33,5,大卒,男性,福岡,545000,14,4.6,0
1274,営業,5,34,6,高卒,女性,大阪,644000,10,3.3,0
1275,マーケティング,3,37,9,大卒,女性,福岡,551000,24,3.7,0
1276,営業,1,35,2,高卒,女性,リモート,365000,0,4.3,0
1277,カスタマーサポート,1,42,9,専門・短大,男性,大阪,378000,17,4.5,0
1278,カスタマーサポート,2,44,8,高卒,男性,東京,485000,22,4.5,0
1279,カスタマーサポート,4,53,13,専門・短大,女性,名古屋,662000,8,4.8,0
1280,開発,5,34,3,高卒,女性,大阪,610000,31,5.0,0
1281,カスタマーサポート,1,39,10,大卒,男性,東京,369000,8,4.1,0
1282,開発,2,37,6,専門・短大,女性,名古屋,453000,4,4.4,0
1283,営業,1,34,3,高卒,女性,大阪,358000,10,2.7,1
1284,開発,1,30,0,専門・短大,女性,東京,287000,20,2.4,0
1285,営業,1,35,3,専門・短大,女性,リモート,349000,7,4.6,0
1286,営業,3,30,0,大卒,男性,東京,519000,24,3.6,0
1287,開発,1,58,14,大卒,男性,福岡,515000,34,4.3,0
1288,営業,2,47,10,院卒,男性,大阪,535000,33,4.1,1
1289,開発,2,32,4,専門・短大,女性,東京,408000,29,3.4,1
1290,マーケティング,2,38,9,大卒,女性,福岡,479000,40,3.6,0
1291,カスタマーサポート,3,40,1,専門・短大,男性,リモート,457000,15,4.0,0
1292,営業,3,23,3,院卒,男性,東京,548000,22,3.8,0
1293,開発,2,44,9,院卒,男性,リモート,540000,10,3.8,0
1294,営業,1,27,4,大卒,男性,東京,342000,10,4.1,0
1295,営業,4,34,7,大卒,男性,東京,637000,0,5.0,0
1296,開発,4,29,2,大卒,男性,リモート,538000,22,4.0,0
1297,開発,3,32,4,大卒,女性,東京,544000,14,4.4,0
1298,営業,1,34,5,大卒,男性,東京,456000,2,4.3,0
1299,開発,1,36,0,高卒,男性,大阪,348000,8,3.8,0
1300,営業,3,22,0,高卒,女性,名古屋,397000,30,2.6,0
1301,開発,3,33,3,大卒,女性,リモート,495000,45,3.6,0
1302,開発,2,33,4,大卒,女性,東京,393000,28,3.8,0
1303,営業,2,24,1,大卒,男性,東京,434000,27,4.1,0
1304,開発,2,33,2,院卒,女性,大阪,453000,29,3.5,1
1305,カスタマーサポート,3,37,1,高卒,男性,名古屋,459000,19,3.6,0
1306,営業,3,26,1,院卒,女性,リモート,459000,10,4.9,0
1307,営業,5,30,7,高卒,女性,東京,671000,22,3.0,1
1308,営業,2,34,0,院卒,男性,大阪,479000,27,3.9,1
1309,管理部門,4,38,3,大卒,男性,リモート,573000,42,1.6,0
1310,カスタマーサポート,1,35,2,大卒,女性,リモート,366000,21,3.8,0
1311,開発,1,27,1,大卒,男性,名古屋,320000,5,4.3,0
1312,カスタマーサポート,2,34,3,大卒,男性,名古屋,400000,8,3.5,0
1313,開発,1,39,4,専門・短大,男性,東京,389000,30,3.2,0
1314,マーケティング,3,40,4,大卒,男性,札幌,557000,14,3.4,0
1315,管理部門,2,41,3,専門・短大,女性,名古屋,454000,17,3.8,0
1316,管理部門,1,48,9,高卒,男性,東京,389000,35,3.8,0
1317,開発,5,34,6,大卒,男性,名古屋,715000,35,2.9,0
1318,開発,3,34,6,専門・短大,男性,名古屋,554000,19,3.9,0
1319,営業,1,31,1,大卒,男性,東京,321000,35,2.4,0
1320,カスタマーサポート,2,35,1,大卒,女性,東京,418000,36,3.9,1
1321,開発,2,24,0,大卒,男性,東京,405000,17,3.6,0
1322,カスタマーサポート,1,34,8,専門・短大,男性,リモート,399000,10,3.3,0
1323,営業,3,51,7,大卒,女性,大阪,568000,30,3.6,0
1324,開発,2,45,10,専門・短大,男性,東京,498000,5,4.4,0
1325,営業,2,51,8,大卒,女性,福岡,465000,16,4.4,0
1326,開発,3,48,8,大卒,女性,東京,547000,0,4.3,0
1327,営業,2,36,2,大卒,男性,東京,503000,7,4.3,0
1328,開発,3,22,1,高卒,女性,福岡,485000,2,4.5,0
1329,マーケティング,1,31,0,大卒,女性,名古屋,323000,19,4.2,0
1330,カスタマーサポート,3,47,7,高卒,男性,東京,465000,18,3.3,0
1331,マーケティング,3,22,0,大卒,女性,大阪,494000,20,3.4,0
1332,開発,1,42,6,大卒,男性,福岡,360000,0,3.0,0
1333,営業,2,39,7,大卒,女性,リモート,495000,42,3.5,0
1334,営業,3,52,11,大卒,男性,東京,608000,17,3.6,1
1335,開発,2,42,7,院卒,男性,東京,508000,1,4.3,0
1336,開発,3,28,4,大卒,女性,東京,544000,14,3.4,0
1337,開発,1,22,4,大卒,女性,リモート,365000,5,4.8,0
1338,開発,4,24,0,大卒,男性,東京,534000,23,5.0,0
1339,人事,1,44,10,院卒,男性,東京,471000,19,3.4,0
1340,開発,3,48,14,院卒,男性,東京,633000,26,2.8,0
1341,マーケティング,5,25,0,大卒,女性,大阪,634000,26,3.1,0
1342,営業,2,36,5,大卒,男性,リモート,454000,20,4.6,0
1343,営業,2,42,9,高卒,男性,東京,458000,15,4.8,0
1344,マーケティング,2,37,4,専門・短大,男性,大阪,377000,35,4.3,0
1345,開発,2,30,2,専門・短大,女性,大阪,424000,26,3.1,1
1346,カスタマーサポート,3,28,3,大卒,男性,東京,493000,38,2.3,0
1347,マーケティング,2,34,2,高卒,男性,大阪,386000,0,4.3,0
1348,開発,3,48,9,大卒,男性,札幌,588000,26,5.0,0
1349,開発,2,33,4,専門・短大,男性,名古屋,402000,15,3.5,0
1350,開発,1,35,4,専門・短大,女性,リモート,376000,12,3.4,0
1351,営業,3,41,8,専門・短大,男性,リモート,482000,25,4.4,0
1352,カスタマーサポート,2,29,0,大卒,男性,リモート,368000,43,2.2,1
1353,営業,2,46,4,院卒,女性,東京,429000,24,3.4,0
1354,カスタマーサポート,1,33,5,大卒,男性,東京,384000,36,3.4,0
1355,営業,5,42,12,大卒,女性,福岡,747000,40,2.8,0
1356,管理部門,4,37,5,大卒,女性,大阪,605000,29,3.3,0
1357,営業,1,30,6,大卒,女性,東京,349000,19,4.0,0
1358,営業,1,34,6,院卒,男性,東京,439000,0,4.0,0
1359,カスタマーサポート,1,38,9,大卒,男性,大阪,403000,17,4.7,0
1360,カスタマーサポート,2,38,5,院卒,女性,東京,507000,24,3.6,1
1361,マーケティング,5,34,7,専門・短大,女性,名古屋,661000,20,4.7,0
1362,カスタマーサポート,1,57,14,大卒,女性,東京,491000,4,5.0,0
1363,営業,3,37,5,大卒,女性,リモート,613000,30,3.5,0
1364,営業,1,39,4,大卒,女性,札幌,351000,30,2.4,0
1365,営業,3,48,7,大卒,男性,東京,600000,34,3.7,0
1366,営業,2,23,1,院卒,男性,札幌,466000,4,3.5,0
1367,営業,1,31,2,専門・短大,男性,東京,352000,37,2.5,0
1368,開発,4,49,11,院卒,女性,リモート,722000,13,2.8,0
1369,カスタマーサポート,1,24,2,大卒,男性,大阪,356000,26,4.2,0
1370,管理部門,2,37,11,専門・短大,男性,福岡,485000,32,2.8,0
1371,開発,1,42,10,大卒,女性,リモート,452000,16,3.7,0
1372,営業,4,48,9,大卒,女性,名古屋,615000,20,5.0,0
1373,カスタマーサポート,3,41,6,大卒,女性,リモート,559000,27,4.1,0
1374,マーケティング,2,22,4,高卒,女性,リモート,335000,30,3.7,0
1375,開発,3,40,7,大卒,女性,大阪,565000,17,3.9,0
1376,開発,2,24,2,大卒,男性,名古屋,436000,42,2.6,0
1377,営業,4,22,3,大卒,男性,リモート,533000,35,3.9,0
1378,人事,1,28,0,高卒,男性,大阪,292000,15,2.7,1
1379,営業,3,33,0,高卒,女性,リモート,415000,10,4.1,0
1380,営業,4,55,12,大卒,女性,大阪,635000,0,5.0,0
1381,開発,3,38,2,高卒,女性,名古屋,497000,0,5.0,0
1382,営業,3,32,8,院卒,女性,東京,590000,22,3.7,1
1383,営業,1,50,5,大卒,女性,名古屋,415000,11,4.1,0
1384,営業,4,38,6,高卒,男性,東京,602000,40,3.4,0
1385,マーケティング,4,34,6,高卒,女性,大阪,583000,23,3.8,0
1386,カスタマーサポート,4,38,8,専門・短大,女性,リモート,533000,12,3.4,1
1387,開発,1,22,4,高卒,男性,リモート,341000,10,3.7,0
1388,営業,2,43,8,大卒,男性,東京,461000,50,2.0,1
1389,開発,4,45,5,大卒,女性,東京,599000,20,5.0,0
1390,開発,1,24,2,大卒,男性,東京,355000,51,2.9,1
1391,管理部門,4,42,9,大卒,男性,名古屋,621000,18,4.6,0
1392,開発,1,40,9,大卒,女性,名古屋,494000,21,4.3,0
1393,開発,2,45,13,大卒,男性,大阪,585000,15,4.6,0
1394,開発,3,38,5,大卒,女性,大阪,489000,15,3.1,0
1395,開発,2,27,4,高卒,男性,大阪,375000,41,2.4,1
1396,開発,1,52,18,専門・短大,女性,東京,447000,3,4.3,0
1397,カスタマーサポート,2,57,13,大卒,男性,大阪,559000,0,4.4,0
1398,開発,2,40,5,大卒,女性,福岡,498000,23,3.9,0
1399,管理部門,4,35,3,院卒,男性,リモート,634000,22,4.3,0
1400,開発,3,45,5,大卒,女性,東京,576000,29,4.8,0
1401,管理部門,2,54,10,高卒,男性,福岡,476000,9,4.7,0
1402,営業,3,40,2,高卒,男性,東京,525000,27,3.8,0
1403,開発,5,43,7,大卒,女性,大阪,652000,19,3.0,0
1404,開発,4,41,3,大卒,女性,名古屋,606000,24,3.8,0
1405,人事,2,43,7,専門・短大,女性,東京,452000,34,4.1,0
1406,カスタマーサポート,1,36,5,大卒,男性,東京,378000,30,4.6,0
1407,カスタマーサポート,3,22,0,大卒,男性,東京,533000,15,2.7,0
1408,開発,1,48,9,大卒,男性,大阪,397000,12,3.2,0
1409,開発,4,43,9,高卒,男性,札幌,623000,3,3.4,0
1410,カスタマーサポート,4,36,4,大卒,男性,リモート,612000,32,2.6,0
1411,営業,3,43,2,専門・短大,男性,東京,493000,30,4.0,1
1412,営業,3,44,4,高卒,男性,東京,518000,26,2.3,0
1413,管理部門,5,33,4,専門・短大,女性,東京,614000,17,3.7,0
1414,営業,5,34,5,大卒,女性,福岡,691000,17,3.5,0
1415,営業,5,40,7,専門・短大,女性,東京,713000,8,3.1,0
1416,管理部門,2,40,5,大卒,女性,名古屋,486000,18,4.2,0
1417,管理部門,2,22,0,専門・短大,男性,名古屋,393000,14,3.4,0
1418,管理部門,2,23,0,大卒,男性,福岡,390000,6,4.7,0
1419,マーケティング,1,41,8,大卒,男性,福岡,462000,25,4.7,0
1420,開発,4,32,1,大卒,女性,東京,558000,16,4.6,0
1421,開発,2,39,5,大卒,男性,東京,479000,6,4.3,0
1422,カスタマーサポート,2,32,3,大卒,女性,名古屋,475000,13,4.1,0
1423,管理部門,1,31,4,院卒,男性,札幌,420000,6,4.2,1
1424,開発,2,28,2,院卒,女性,福岡,459000,27,4.2,1
1425,開発,4,27,0,専門・短大,男性,名古屋,581000,28,3.4,0
1426,開発,5,33,5,高卒,男性,東京,640000,23,4.3,0
1427,開発,2,38,4,大卒,男性,札幌,480000,0,4.4,0
1428,管理部門,5,30,2,大卒,女性,福岡,623000,25,4.1,0
1429,人事,2,55,19,高卒,男性,大阪,563000,29,2.5,0
1430,管理部門,1,34,4,専門・短大,男性,福岡,378000,33,5.0,0
1431,営業,3,28,4,大卒,女性,東京,506000,18,5.0,0
1432,営業,2,51,11,院卒,男性,東京,498000,17,3.2,0
1433,営業,1,22,0,高卒,男性,東京,265000,7,3.5,0
1434,開発,1,28,2,大卒,男性,東京,357000,16,3.9,1
1435,営業,1,26,7,大卒,男性,リモート,405000,26,2.8,0
1436,営業,2,38,12,大卒,男性,東京,546000,42,4.2,0
1437,営業,3,45,5,大卒,男性,東京,567000,30,3.3,0
1438,マーケティング,3,29,9,専門・短大,女性,東京,503000,0,3.3,1
1439,営業,1,45,9,大卒,男性,リモート,435000,31,2.2,0
1440,マーケティング,3,49,12,専門・短大,女性,リモート,578000,21,4.1,0
1441,開発,2,41,8,大卒,男性,名古屋,498000,30,1.9,0
1442,営業,1,35,2,高卒,男性,リモート,352000,22,4.2,0
1443,管理部門,1,27,0,大卒,女性,大阪,361000,12,4.3,0
1444,人事,5,28,5,大卒,男性,東京,645000,13,4.4,0
1445,マーケティング,3,47,9,院卒,女性,東京,602000,32,2.6,0
1446,カスタマーサポート,2,36,5,院卒,男性,リモート,479000,18,3.2,0
1447,マーケティング,3,45,7,院卒,女性,東京,601000,33,3.3,0
1448,開発,2,44,9,大卒,男性,大阪,449000,4,3.8,0
1449,開発,3,36,11,院卒,男性,東京,602000,33,4.6,0
1450,開発,2,30,2,専門・短大,女性,リモート,469000,37,3.1,0
1451,開発,4,30,8,専門・短大,女性,大阪,647000,0,4.4,0
1452,営業,3,38,8,専門・短大,女性,大阪,486000,1,3.5,0
1453,マーケティング,2,28,0,院卒,女性,リモート,444000,12,3.8,0
1454,開発,3,43,10,大卒,男性,東京,507000,15,4.0,1
1455,カスタマーサポート,2,58,7,大卒,女性,大阪,528000,10,4.2,0
1456,管理部門,3,52,5,大卒,女性,リモート,597000,25,2.7,0
1457,マーケティング,2,37,8,大卒,女性,福岡,504000,33,3.0,0
1458,営業,3,40,8,高卒,男性,東京,573000,31,4.1,0
1459,管理部門,1,49,12,大卒,男性,大阪,407000,20,3.4,0
1460,開発,1,32,1,専門・短大,女性,東京,285000,27,3.8,0
1461,営業,3,43,4,高卒,女性,東京,518000,28,3.5,0
1462,カスタマーサポート,3,39,7,大卒,女性,東京,537000,4,5.0,0
1463,営業,3,35,9,高卒,女性,リモート,523000,16,4.2,0
1464,管理部門,2,44,9,院卒,男性,リモート,535000,8,3.8,0
1465,営業,2,36,8,大卒,女性,東京,456000,11,3.9,0
1466,営業,2,50,14,高卒,男性,大阪,523000,0,4.7,0
1467,営業,2,31,2,大卒,男性,名古屋,405000,15,3.9,1
1468,営業,3,51,11,大卒,男性,札幌,602000,15,3.9,0
1469,開発,4,35,4,大卒,女性,福岡,540000,16,4.1,0
1470,管理部門,1,42,8,大卒,男性,東京,390000,26,2.3,0
1471,カスタマーサポート,2,40,6,専門・短大,女性,名古屋,449000,33,4.1,0
1472,カスタマーサポート,2,42,10,大卒,男性,東京,500000,21,3.8,0
1473,営業,1,28,0,大卒,女性,東京,373000,17,5.0,0
1474,開発,1,22,0,大卒,男性,福岡,371000,13,4.2,0
1475,営業,2,43,2,専門・短大,男性,東京,461000,0,5.0,0
1476,開発,2,38,11,院卒,男性,名古屋,534000,0,4.9,0
1477,カスタマーサポート,2,48,11,大卒,女性,大阪,478000,25,3.7,0
1478,開発,1,43,8,大卒,女性,東京,389000,18,4.3,0
1479,カスタマーサポート,2,44,6,大卒,女性,東京,493000,43,3.1,0
1480,営業,1,37,3,高卒,女性,リモート,329000,38,3.3,1
1481,開発,1,49,8,大卒,男性,リモート,356000,41,4.5,0
1482,開発,4,32,1,院卒,男性,東京,614000,16,3.5,0
1483,開発,4,37,7,大卒,男性,大阪,696000,0,3.4,0
1484,営業,2,31,1,大卒,女性,東京,444000,13,3.8,0
1485,マーケティング,2,32,1,大卒,男性,東京,381000,22,3.2,0
1486,開発,2,29,4,大卒,男性,リモート,485000,28,3.4,0
1487,営業,2,42,6,大卒,女性,大阪,468000,10,4.1,0
1488,営業,3,22,0,高卒,男性,札幌,444000,1,3.5,0
1489,営業,1,29,7,専門・短大,男性,東京,425000,10,4.6,0
1490,営業,2,34,1,大卒,女性,リモート,406000,19,3.1,0
1491,開発,2,26,3,大卒,男性,東京,481000,8,4.6,0
1492,管理部門,2,40,8,院卒,女性,リモート,547000,1,3.9,0
1493,営業,4,29,4,大卒,女性,リモート,581000,15,3.7,0
1494,管理部門,2,31,6,大卒,男性,東京,443000,22,3.8,0
1495,管理部門,3,35,2,大卒,男性,大阪,484000,36,4.2,0
1496,営業,3,29,8,大卒,女性,名古屋,554000,40,4.6,0
1497,カスタマーサポート,1,24,0,専門・短大,男性,東京,308000,39,2.0,1
1498,営業,4,41,8,専門・短大,男性,名古屋,544000,25,3.7,0
1499,営業,2,22,5,専門・短大,女性,大阪,384000,18,4.6,0
1500,カスタマーサポート,2,50,9,専門・短大,男性,札幌,492000,18,2.9,1
